No of GPS Satellites Available, Time Since Start of Day (seconds), Latitude (degrees), Longitude (degrees), Velocity (km/hr), Heading (degrees), Height (km), Vertical velocity (km/hr), Sample period (seconds), Steering Angle (degrees), Wheel Speed Front Left (rad/sec), Wheel Speed Front Right (rad/sec), Wheel Speed Rear Left (rad/sec), Wheel Speed Rear Right (rad/sec), Yaw Rate (deg/sec), Indicated Vehicle Speed (km/hr), Indicated Longitudinal Acceleration (g), Indicated Lateral Acceleration (g), Handbrake (0 or 1), Gear Requested (Number fof gear employed 1-5), Gear (Number fof gear employed 1-5), Engine Speed (rev/min), Coolant Temperature (degrees), Clutch Position (0 or 1), Brake Pressure (psi), Brake Position (0 or 1), Battery Voltage (volts), Air Temperature (degrees), Accelerator Pedal Position (0 or 1)
140.0,38705.0,52.5528286,-1.4642326,34.888000000000005,308.11400000000003,97.02,-0.11,0.1,47.59998,37.02,35.47,36.73,34.50999,-22.0,36.15,0.07956004,-0.36006,0.0,3.0,3.0,2144.0,78.0,0.0,0.04000854,0.0,14.4,6.75,27.5
140.0,38705.1,52.5528344,-1.4642437,35.629,310.463,97.02,-0.11,0.1,38.79999,37.42,35.61,37.099990000000005,34.95,-20.79999,36.41,0.07956004,-0.3396599,0.0,3.0,3.0,2155.0,78.0,0.0,0.04000854,0.0,14.4,6.75,27.5
140.0,38705.2,52.5528406,-1.4642546,36.126,312.62,97.0,-0.11,0.1,27.5,37.73,36.25999,37.52,35.53999,-19.39999,36.85,0.08976007,-0.29988,0.0,3.0,3.0,2162.0,78.0,0.0,0.04000854,0.0,14.4,6.75,27.5
140.0,38705.3,52.552847,-1.4642652,36.342,314.176,96.99,-0.11,0.1,15.0,38.12999,36.72,37.92999,36.23999,-16.89999,37.25,0.08976007,-0.2397001,0.0,3.0,3.0,2186.0,78.0,0.0,0.04000854,0.0,14.4,6.75,27.5
140.0,38705.4,52.552853600000006,-1.4642756,36.788,316.448,96.99,-0.1,0.1,0.0,38.39,37.17,38.17999,36.8,-13.89999,37.71,0.09995985,-0.1693201,0.0,3.0,3.0,2208.0,78.0,0.0,0.7599792,0.0,14.4,6.75,27.5
140.0,38705.5,52.5528606,-1.4642859,37.447,317.815,96.98,-0.1,0.1,0.0,38.61,37.81999,38.62,37.53,-10.29999,38.1,0.1091398999999999,-0.07956004,0.0,3.0,3.0,2210.0,78.0,0.0,0.04000854,0.0,14.3,6.75,27.5
140.0,38705.6,52.5528678,-1.4642961,37.894,318.851,96.98,-0.09,0.1,0.0,39.03999,38.44,38.84,38.37,-6.199982,38.63,0.1091398999999999,0.009180069,0.0,3.0,3.0,2211.0,78.0,0.0,-0.1900024,0.0,14.4,6.75,27.5
140.0,38705.7,52.5528751,-1.4643062,38.286,319.66,96.98,-0.08,0.1,0.0,39.3,39.209990000000005,39.14,38.8,-2.799988,39.11,0.1091398999999999,0.06936002,0.0,3.0,3.0,2240.0,78.0,0.0,-0.1900024,0.0,14.3,6.75,28.0
140.0,38705.8,52.5528824,-1.4643165,38.635,319.58,96.98,-0.08,0.1,0.0,39.64999,39.53,39.5,39.25,-0.6999816999999999,39.47,0.1193398999999999,0.05915999,0.0,3.0,3.0,2263.0,78.0,0.0,-0.1900024,0.0,14.4,6.75,28.0
140.0,38705.9,52.5528899,-1.4643267999999998,39.064,319.508,96.99,-0.06,0.1,0.0,40.08,39.98999,39.87,39.849990000000005,-0.3999939,39.96,0.12954,0.06936002,0.0,3.0,3.0,2290.0,78.0,0.0,-0.1900024,0.0,14.4,6.75,28.0
140.0,38706.0,52.5528975,-1.4643374999999998,39.913,319.509,96.98,-0.06,0.1,0.0,40.33,40.5,40.28999,40.39999,1.399994,40.33,0.1193398999999999,0.1091398999999999,0.0,3.0,3.0,2294.0,78.0,0.0,0.04000854,0.0,14.4,6.75,28.0
140.0,38706.1,52.5529051,-1.4643482,40.072,319.269,97.0,-0.03,0.1,0.0,40.81,40.959990000000005,40.45,41.03,3.800018,40.74,0.1193398999999999,0.16014,0.0,3.0,3.0,2321.0,78.0,0.0,-0.1900024,0.0,14.3,6.75,28.5
140.0,38706.2,52.5529128,-1.4643590999999998,40.568000000000005,318.935,96.99,-0.04,0.1,0.0,41.06999,41.62999,40.849990000000005,41.23999,5.600006,41.21,0.1091398999999999,0.1999198999999999,0.0,3.0,3.0,2351.0,78.0,0.0,0.04000854,0.0,14.3,6.75,29.0
140.0,38706.3,52.552920500000006,-1.4643703,41.206,318.316,96.98,-0.05,0.1,0.0,41.55,41.959990000000005,41.37999,41.81999,7.200011999999999,41.65,0.1091398999999999,0.1999198999999999,0.0,3.0,3.0,2371.0,78.0,0.0,-0.1900024,0.0,14.3,6.75,29.0
140.0,38706.4,52.5529281,-1.4643817999999995,41.476000000000006,317.578,96.99,-0.03,0.1,0.0,41.98999,42.55,41.53,42.45,7.700011999999999,42.06,0.1091398999999999,0.2101199999999999,0.0,3.0,3.0,2400.0,78.0,0.0,-0.1900024,0.0,14.3,6.75,29.0
140.0,38706.5,52.552935700000006,-1.4643936000000002,41.89,316.63,96.97,-0.06,0.1,0.0,42.25999,43.19,42.02,42.81999,8.399994,42.52,0.1091398999999999,0.1693199,0.0,3.0,3.0,2427.0,78.0,0.0,0.04000854,0.0,14.4,6.75,29.0
140.0,38706.6,52.5529433,-1.4644056,42.239,316.23900000000003,96.97,-0.05,0.1,0.0,42.78,43.3,42.41,43.19,8.700012,43.06,0.1091398999999999,0.1897199,0.0,3.0,3.0,2457.0,78.0,0.0,0.04000854,0.0,14.3,6.75,29.5
140.0,38706.7,52.552951,-1.464418,43.027,315.182,96.94,-0.08,0.1,0.0,43.36,43.959990000000005,43.06,43.77,8.600006,43.54,0.1193398999999999,0.1693199,0.0,3.0,3.0,2476.0,78.0,0.0,-0.1900024,0.0,14.3,6.75,30.0
140.0,38706.8,52.5529584,-1.4644306,43.006,314.293,96.96,-0.06,0.1,0.0,43.87999,44.64999,43.53,44.16,8.800018,44.16,0.1193398999999999,0.2101199999999999,0.0,3.0,3.0,2526.0,78.0,0.0,-0.1900024,0.0,14.4,6.75,30.0
140.0,38706.9,52.5529659,-1.4644435,43.481,313.634,96.93,-0.08,0.1,0.0,44.31999,44.84,43.69,44.56999,9.800018,44.53,0.1193398999999999,0.2101199999999999,0.0,3.0,3.0,2533.0,78.0,0.0,-0.1900024,0.0,14.4,6.75,30.5
140.0,38707.0,52.5529735,-1.4644568999999998,44.406000000000006,312.867,96.93,-0.08,0.1,0.0,44.87999,45.47,44.39,45.55,10.0,44.98,0.1193398999999999,0.2295001,0.0,3.0,3.0,2561.0,79.0,0.0,0.04000854,0.0,14.4,6.75,31.0
140.0,38707.1,52.5529809,-1.4644705000000002,44.611,311.791,96.92,-0.07,0.1,0.0,45.2,46.03999,44.78,45.72,10.0,45.54,0.1193398999999999,0.2193,0.0,3.0,3.0,2591.0,79.0,0.0,-0.1900024,0.0,14.4,6.75,31.5
140.0,38707.2,52.5529883,-1.4644845,45.245,310.922,96.89,-0.11,0.1,0.0,45.81,46.44,45.459990000000005,46.37999,9.899994,45.96,0.12954,0.2193,0.0,3.0,3.0,2620.0,79.0,0.0,-0.1900024,0.0,14.3,6.75,31.5
140.0,38707.3,52.5529956,-1.4644989,45.677,309.696,96.88,-0.11,0.1,0.0,46.31,46.89,45.87999,46.849990000000005,9.200012,46.49,0.1193398999999999,0.1999198999999999,0.0,3.0,3.0,2647.0,79.0,0.0,0.04000854,0.0,14.4,6.75,31.5
140.0,38707.4,52.5530028,-1.4645136,46.03,308.837,96.86,-0.12,0.1,0.0,46.75999,47.459990000000005,46.349990000000005,47.12,8.600006,47.02,0.1193398999999999,0.1795198999999999,0.0,3.0,3.0,2668.0,79.0,0.0,0.04000854,0.0,14.4,6.75,32.0
140.0,38707.5,52.5530099,-1.4645286999999998,46.53,307.779,96.85,-0.12,0.1,0.0,47.3,47.91,46.89999,47.62999,8.600006,47.37,0.1193398999999999,0.1999198999999999,0.0,3.0,3.0,2712.0,79.0,0.0,0.04000854,0.0,14.4,6.75,32.0
140.0,38707.6,52.553017,-1.4645441,47.11,307.222,96.83,-0.13,0.1,0.0,47.83,48.2,47.23999,48.2,8.800018,47.91,0.12954,0.2101199999999999,0.0,3.0,3.0,2726.0,79.0,0.0,-0.1900024,0.0,14.4,6.75,32.0
140.0,38707.7,52.553024,-1.4645599,47.534,306.068,96.82,-0.13,0.1,0.0,48.25,48.75999,47.8,48.64999,8.899994,48.4,0.1193398999999999,0.2295001,0.0,3.0,3.0,2753.0,79.0,0.0,-0.1900024,0.0,14.3,6.75,32.0
140.0,38707.8,52.5530309,-1.4645759,48.071000000000005,305.288,96.81,-0.13,0.1,0.0,48.61,49.42,48.36,49.08,9.300018,48.87,0.1193398999999999,0.2193,0.0,3.0,3.0,2776.0,79.0,0.0,0.04000854,0.0,14.4,6.75,32.0
140.0,38707.9,52.5530378,-1.4645924,48.618,304.369,96.79,-0.14,0.1,0.0,49.11,49.84,48.69,49.62,9.700012,49.28,0.1193398999999999,0.2193,0.0,3.0,3.0,2810.0,79.0,0.0,-0.1900024,0.0,14.4,6.75,32.0
140.0,38708.0,52.553044500000006,-1.4646091,48.794,303.438,96.78,-0.14,0.1,0.0,49.709990000000005,50.17,49.14999,50.0,9.399994,49.77,0.1091398999999999,0.2193,0.0,3.0,3.0,2843.0,79.0,0.0,0.04000854,0.0,14.3,6.75,32.0
140.0,38708.1,52.5530511,-1.4646262,49.547,302.553,96.75,-0.16,0.1,0.0,50.08,50.67,49.75999,50.48999,8.5,50.23,0.1193398999999999,0.1795198999999999,0.0,3.0,3.0,2872.0,79.0,0.0,-0.1900024,0.0,14.3,6.75,32.0
140.0,38708.2,52.5530576,-1.4646436,49.604,301.513,96.73,-0.15,0.1,0.0,50.5,51.09,50.37999,50.78999,6.700011999999999,50.82,0.12954,0.09995985,0.0,3.0,3.0,2895.0,79.0,0.0,0.04000854,0.0,14.4,6.75,32.0
140.0,38708.3,52.55306399999999,-1.4646612,50.17,300.817,96.72,-0.15,0.1,0.0,50.95,51.41,50.66,51.25999,5.5,51.09,0.12954,0.08976007,0.0,3.0,3.0,2901.0,79.0,0.0,-0.1900024,0.0,14.4,6.75,32.0
140.0,38708.4,52.5530705,-1.4646792,50.922,300.62,96.71,-0.14,0.1,0.0,51.53999,51.73,51.17,51.64999,5.100006,51.4,0.1193398999999999,0.09995985,0.0,3.0,3.0,2940.0,79.0,0.0,0.04000854,0.0,14.4,6.75,32.0
140.0,38708.5,52.5530769,-1.4646974,51.203,299.995,96.69,-0.15,0.1,0.0,51.92999,52.28,51.72,52.19,5.5,51.91,0.1091398999999999,0.08976007,0.0,3.0,3.0,2989.0,79.0,0.0,-0.1900024,0.0,14.3,6.75,32.0
140.0,38708.6,52.5530833,-1.4647157,51.552,299.897,96.68,-0.15,0.1,0.0,52.39,52.67999,52.03999,52.42,4.800018,52.48,0.1091398999999999,0.1091398999999999,0.0,3.0,3.0,3038.0,79.0,0.0,0.04000854,0.0,14.3,6.75,32.0
140.0,38708.7,52.55308960000001,-1.4647343,51.826,299.034,96.68,-0.14,0.1,0.0,52.62999,53.06,52.5,52.73,5.300018,52.71,0.1193398999999999,0.1193398999999999,0.0,4.0,3.0,3066.0,79.0,0.0,-0.1900024,0.0,14.4,6.75,32.0
140.0,38708.8,52.5530959,-1.4647532,52.618,298.631,96.66,-0.14,0.1,0.0,53.05,53.53999,52.89999,53.37,5.100006,53.03,0.09995985,0.1091398999999999,0.0,4.0,3.0,3167.0,79.0,0.0,-0.1900024,0.0,14.3,6.75,32.0
140.0,38708.9,52.5531021,-1.4647724,53.05,298.086,96.66,-0.12,0.1,0.0,53.59,53.64999,53.03,53.349990000000005,4.600006,53.35,0.08976007,0.07956004,0.0,4.0,3.0,3213.0,79.0,0.0,0.04000854,0.0,14.4,6.75,32.0
140.0,38709.0,52.5531083,-1.4647916,53.075,297.786,96.64,-0.15,0.1,0.0,53.8,53.92,53.59,53.98999,2.899994,53.75,0.09995985,0.0397799,0.0,4.0,3.0,3199.0,79.0,0.0,-0.1900024,0.0,14.3,6.75,32.5
140.0,38709.1,52.553114400000005,-1.4648111,53.654,297.323,96.61,-0.16,0.1,0.0,54.25999,54.25999,53.98,54.00999,1.100006,54.19,0.09995985,0.0,0.0,4.0,3.0,3173.0,79.0,0.0,0.04000854,0.0,14.3,6.75,33.0
140.0,38709.2,52.5531205,-1.4648308,53.903,296.926,96.59,-0.17,0.1,0.0,54.64999,54.61,54.56999,54.37,0.6000061,54.73,0.07956004,0.0,0.0,4.0,3.0,2977.0,79.0,0.0,0.04000854,0.0,14.3,6.75,33.0
140.0,38709.3,52.553126600000006,-1.4648506,54.108,296.956,96.56,-0.19,0.1,0.0,55.00999,55.14999,54.64,54.73999,0.8999939,54.88,0.07956004,0.0,0.0,4.0,3.0,2631.0,79.0,0.0,0.04000854,0.0,14.3,6.75,33.0
140.0,38709.4,52.5531328,-1.4648705,54.63,296.996,96.55,-0.17,0.1,0.0,55.41,55.51999,55.19,55.26999,1.100006,55.34,0.09995985,0.0,0.0,4.0,3.0,2266.0,79.0,0.0,0.04000854,0.0,14.4,6.75,33.0
139.0,38709.5,52.5531391,-1.4648906,54.94,296.899,96.53,-0.18,0.1,0.0,55.83,55.64999,55.48,55.56,1.0,55.65,0.09995985,0.009180069,0.0,4.0,3.0,2249.0,79.0,0.0,-0.1900024,0.0,14.3,6.75,33.0
139.0,38709.6,52.5531453,-1.4649108,55.415,296.902,96.51,-0.18,0.1,0.0,56.3,56.14,55.95,56.06999,0.8999939,56.05,0.09995985,0.009180069,0.0,4.0,3.0,2288.0,79.0,0.0,0.04000854,0.0,14.3,6.75,33.0
139.0,38709.7,52.5531516,-1.4649313,55.84,296.697,96.48,-0.19,0.1,0.0,56.53999,56.51999,56.31,56.23,0.7000122,56.5,0.09995985,0.009180069,0.0,4.0,3.0,2297.0,80.0,0.0,0.04000854,0.0,14.3,6.75,33.0
139.0,38709.8,52.5531579,-1.4649518,56.228,296.622,96.45,-0.21,0.1,0.0,56.94,56.97,56.87,56.66,0.7000122,56.98,0.08976007,0.009180069,0.0,4.0,3.0,2308.0,79.0,0.0,0.04000854,0.0,14.3,6.75,33.0
139.0,38709.9,52.5531642,-1.4649724999999998,56.47,296.632,96.42,-0.22,0.1,0.0,57.33,57.47,57.12999,57.12999,0.8999939,57.3,0.08976007,0.0,0.0,4.0,3.0,2331.0,80.0,0.0,0.04000854,0.0,14.4,6.75,33.0
139.0,38710.0,52.5531706,-1.4649933,56.862,296.486,96.41,-0.21,0.1,0.0,57.72,57.86,57.42,57.5,0.8999939,57.58,0.08976007,0.009180069,0.0,4.0,3.0,2348.0,80.0,0.0,-0.1900024,0.0,14.4,6.75,33.0
139.0,38710.1,52.5531769,-1.4650143,57.229,296.4,96.38,-0.22,0.1,0.0,58.08,58.03999,57.75999,57.75999,0.8000183000000001,57.87,0.08976007,0.009180069,0.0,4.0,3.0,2367.0,80.0,0.0,0.04000854,0.0,14.3,6.75,33.0
139.0,38710.2,52.5531833,-1.4650356,57.791,296.306,96.35,-0.22,0.1,0.0,58.48,58.31999,58.11,58.11,0.8999939,58.27,0.08976007,0.009180069,0.0,4.0,3.0,2380.0,80.0,0.0,0.04000854,0.0,14.4,6.75,33.0
139.0,38710.3,52.5531898,-1.4650568,57.974,296.326,96.33,-0.22,0.1,0.0,58.849990000000005,58.69,58.55,58.709990000000005,0.8999939,58.63,0.08976007,0.009180069,0.0,4.0,3.0,2397.0,80.0,0.0,0.04000854,0.0,14.4,6.75,33.5
139.0,38710.4,52.5531961,-1.4650782999999998,58.32,296.08,96.3,-0.24,0.1,0.0,59.16,59.11,58.94,59.03,0.8000183000000001,58.99,0.08976007,0.0,0.0,4.0,3.0,2423.0,80.0,0.0,0.04000854,0.0,14.4,6.75,34.5
139.0,38710.5,52.5532026,-1.4650998999999998,58.849,296.101,96.28,-0.24,0.1,0.0,59.53,59.48999,59.25,59.14999,0.8999939,59.45,0.08976007,0.0,0.0,4.0,3.0,2448.0,80.0,0.0,0.04000854,0.0,14.3,6.75,35.5
139.0,38710.6,52.5532091,-1.4651216,58.907,296.036,96.24,-0.24,0.1,0.0,59.84,59.78,59.75,59.48999,0.5,59.84,0.08976007,0.0,0.0,4.0,3.0,2470.0,80.0,0.0,0.04000854,0.0,14.3,6.75,35.5
139.0,38710.7,52.5532156,-1.4651436000000002,59.641000000000005,295.962,96.21,-0.25,0.1,0.0,60.25,60.23,60.3,59.98999,0.2000122,60.21,0.08976007,-0.009180069,0.0,4.0,3.0,2471.0,80.0,0.0,0.04000854,0.0,14.4,6.75,35.5
139.0,38710.8,52.5532221,-1.4651656,59.846,295.868,96.19,-0.26,0.1,0.0,60.72,60.69,60.47,60.34,0.1000061,60.61,0.08976007,-0.009180069,0.0,4.0,3.0,2486.0,80.0,0.0,0.04000854,0.0,14.3,6.75,35.5
139.0,38710.9,52.5532287,-1.4651877,60.07,296.03,96.16,-0.26,0.1,0.0,61.06,61.17999,60.67,60.64,0.0,60.92,0.08976007,-0.009180069,0.0,4.0,3.0,2506.0,80.0,0.0,0.04000854,0.0,14.4,6.75,35.5
139.0,38711.0,52.5532353,-1.46521,60.545,295.85200000000003,96.13,-0.27,0.1,0.0,61.36,61.64,61.12999,61.209990000000005,0.3000183,61.3,0.08976007,0.0,0.0,4.0,3.0,2518.0,80.0,0.0,0.04000854,0.0,14.3,6.75,35.5
139.0,38711.1,52.553242,-1.4652325,61.06,295.878,96.1,-0.27,0.1,0.0,61.94,61.959990000000005,61.55,61.61,0.3000183,61.75,0.08976007,-0.009180069,0.0,4.0,3.0,2523.0,80.0,0.0,0.04000854,0.0,14.3,6.75,35.5
139.0,38711.2,52.5532487,-1.4652552,61.42,295.943,96.07,-0.27,0.1,0.0,62.23,62.2,61.89999,61.849990000000005,0.3000183,62.07,0.08976007,0.0,0.0,4.0,3.0,2538.0,80.0,0.0,0.04000854,0.0,14.3,6.75,35.5
139.0,38711.3,52.5532555,-1.4652778,61.657,295.97,96.03,-0.29,0.1,0.0,62.62999,62.48999,62.25999,62.16,0.2000122,62.49,0.08976007,0.0,0.0,4.0,3.0,2545.0,80.0,0.0,-0.1900024,0.0,14.4,6.75,35.5
139.0,38711.4,52.5532622,-1.4653008,62.201,295.728,96.0,-0.28,0.1,0.0,63.03,62.87999,62.66,62.67,0.3000183,62.9,0.08976007,0.0,0.0,4.0,3.0,2555.0,80.0,0.0,0.04000854,0.0,14.4,6.75,35.5
139.0,38711.5,52.5532691,-1.4653239,62.744,295.862,95.95,-0.31,0.1,0.0,63.48,63.28,63.17,63.14999,0.2000122,63.29,0.08976007,0.0,0.0,4.0,3.0,2561.0,80.0,0.0,0.04000854,0.0,14.4,6.75,35.5
139.0,38711.6,52.5532759,-1.4653471,62.986,295.92900000000003,95.91,-0.32,0.1,0.0,64.01999,63.75,63.53999,63.59,0.3999939,63.66,0.08976007,-0.009180069,0.0,4.0,3.0,2592.0,80.0,0.0,0.04000854,0.0,14.3,6.75,35.5
139.0,38711.7,52.553282800000005,-1.4653704,63.209,295.651,95.88,-0.32,0.1,0.0,64.36,64.17999,63.89,63.959990000000005,0.3999939,64.12,0.08976007,0.0,0.0,4.0,3.0,2599.0,80.0,0.0,0.04000854,0.0,14.3,6.75,35.5
139.0,38711.8,52.5532897,-1.4653938999999998,63.734,295.867,95.84,-0.33,0.1,0.0,64.7,64.50999,64.37999,64.48999,0.2000122,64.41,0.08976007,0.0,0.0,4.0,3.0,2615.0,80.0,0.0,0.04000854,0.0,14.4,6.75,35.5
139.0,38711.9,52.5532967,-1.4654176,64.145,295.672,95.81,-0.33,0.1,0.0,65.14,64.89999,64.78,64.89,0.2000122,64.86,0.08976007,0.0,0.0,4.0,3.0,2620.0,80.0,0.0,0.04000854,0.0,14.4,6.75,35.5
139.0,38712.0,52.5533037,-1.4654414,64.57300000000001,295.714,95.76,-0.34,0.1,0.0,65.45,65.36,65.17999,65.14999,0.1000061,65.27,0.08976007,-0.009180069,0.0,4.0,3.0,2647.0,80.0,0.0,-0.1900024,0.0,14.4,6.75,35.5
139.0,38712.1,52.5533107,-1.4654654,64.829,295.571,95.73,-0.34,0.1,0.0,66.06,65.78999,65.56999,65.67,0.1000061,65.72,0.08976007,0.0,0.0,4.0,3.0,2662.0,80.0,0.0,0.2799988,0.0,14.4,6.75,35.5
139.0,38712.2,52.5533177,-1.4654894,65.236,295.668,95.68,-0.35,0.1,0.0,66.23999,66.12999,65.92,65.86,0.0,65.98,0.08976007,-0.01938009,0.0,4.0,3.0,2667.0,80.0,0.0,0.04000854,0.0,14.4,6.75,35.5
139.0,38712.3,52.5533248,-1.4655136999999998,65.7,295.618,95.65,-0.35,0.1,0.0,66.67999,66.45999,66.36,66.23999,-0.6999816999999999,66.35,0.08976007,-0.03978014,0.0,4.0,3.0,2677.0,80.0,0.0,0.7599792,0.0,14.3,6.75,35.5
139.0,38712.4,52.553332,-1.4655382,66.15,295.491,95.61,-0.35,0.1,0.0,67.06999,66.86,66.66,66.56999,-1.299988,66.76,0.07956004,-0.04997993,0.0,4.0,3.0,2711.0,80.0,0.0,0.04000854,0.0,14.4,6.75,35.5
139.0,38712.5,52.5533392,-1.4655626,66.377,295.768,95.55,-0.38,0.1,0.0,67.42999,67.19,67.12,66.89999,-1.199982,67.12,0.07956004,-0.04997993,0.0,4.0,3.0,2721.0,80.0,0.0,-0.1900024,0.0,14.4,6.75,35.5
139.0,38712.6,52.5533465,-1.4655872,66.78,295.882,95.51,-0.37,0.1,0.0,67.72,67.53999,67.53999,67.37999,-1.0,67.57,0.07956004,-0.04997993,0.0,4.0,3.0,2737.0,81.0,0.0,0.04000854,0.0,14.3,6.75,35.5
139.0,38712.7,52.553353900000005,-1.4656119,67.205,296.066,95.46,-0.39,0.1,0.0,68.20999,67.95999,67.87999,67.87,-0.3999939,67.95,0.07956004,-0.02958012,0.0,4.0,3.0,2746.0,81.0,0.0,0.04000854,0.0,14.4,6.75,35.5
139.0,38712.8,52.5533613,-1.4656367,67.471,296.223,95.42,-0.39,0.1,0.0,68.53999,68.31999,68.17999,68.26999,0.2000122,68.25,0.07956004,0.0,0.0,4.0,3.0,2751.0,81.0,0.0,-0.1900024,0.0,14.4,6.75,35.5
139.0,38712.9,52.5533688,-1.4656616,67.939,296.22,95.36,-0.41,0.1,0.0,68.95999,68.75,68.56,68.61,0.3999939,68.65,0.07956004,0.009180069,0.0,4.0,3.0,2778.0,81.0,0.0,0.04000854,0.0,14.3,6.75,35.5
139.0,38713.0,52.5533763,-1.4656867999999998,68.407,296.093,95.33,-0.4,0.1,0.0,69.25999,69.14999,68.87999,68.89,0.6000061,69.1,0.07956004,0.009180069,0.0,4.0,3.0,2798.0,81.0,0.0,0.04000854,0.0,14.3,6.75,35.5
139.0,38713.1,52.5533839,-1.465712,68.62,296.106,95.26,-0.42,0.1,0.0,69.56999,69.51999,69.28,69.28,0.7000122,69.47,0.07956004,0.009180069,0.0,4.0,3.0,2803.0,81.0,0.0,-0.1900024,0.0,14.3,6.75,31.0
139.0,38713.2,52.5533914,-1.4657374,69.03399999999999,295.894,95.22,-0.42,0.1,0.0,69.86,69.92,69.51999,69.51999,0.8000183000000001,69.8,0.07956004,0.0,0.0,5.0,3.0,2809.0,81.0,0.0,0.04000854,0.0,14.4,6.75,27.0
139.0,38713.3,52.553399,-1.465763,69.52,296.031,95.17,-0.43,0.1,0.0,70.09999,70.08,69.91,69.97,0.6000061,70.13,0.06936002,0.009180069,0.0,5.0,3.0,2835.0,81.0,0.0,-0.1900024,0.0,14.4,6.75,23.5
139.0,38713.4,52.5534066,-1.4657888,69.829,295.83,95.11,-0.45,0.1,0.0,70.44,70.73999,70.11,70.14,0.6000061,70.39,0.04997993,0.009180069,0.0,5.0,3.0,2845.0,81.0,0.0,-0.1900024,0.0,14.4,6.75,18.0
139.0,38713.5,52.5534142,-1.4658145,69.977,295.811,95.06,-0.45,0.1,0.0,70.62,70.91,70.31999,70.47,0.8000183000000001,70.61,0.02957988,0.01937985,0.0,5.0,3.0,2868.0,81.0,0.0,0.04000854,0.0,14.3,6.75,17.0
139.0,38713.6,52.5534218,-1.4658404,70.063,295.704,95.0,-0.47,0.1,0.0,70.70999,70.83,70.59,70.59999,0.7000122,70.8,0.02957988,0.01937985,0.0,5.0,3.0,2857.0,81.0,0.0,0.04000854,0.0,14.4,6.75,17.0
139.0,38713.7,52.553429400000006,-1.4658664,70.506,295.619,94.96,-0.46,0.1,0.0,70.89999,70.98,70.78,70.83,0.8000183000000001,70.97,0.009180069,0.0,0.0,5.0,3.0,2868.0,81.0,0.0,0.04000854,0.0,14.3,6.75,16.5
139.0,38713.8,52.553437,-1.4658925,70.567,295.512,94.9,-0.47,0.1,0.0,70.98,70.95,70.94,70.81999,0.8000183000000001,71.02,0.0,0.01937985,0.0,5.0,3.0,2908.0,81.0,0.0,0.04000854,0.0,14.4,6.75,16.5
139.0,38713.9,52.553444600000006,-1.4659185,70.54899999999999,295.607,94.84,-0.48,0.1,0.0,71.0,70.97,71.14,70.92,1.300018,71.14,0.0,0.0397799,0.0,5.0,3.0,2954.0,81.0,0.0,0.04000854,0.0,14.4,6.75,16.5
139.0,38714.0,52.5534522,-1.4659447,70.808,295.346,94.79,-0.48,0.1,0.0,71.16,71.19,71.17999,70.95999,1.5,71.28,0.0,0.0397799,0.0,5.0,3.0,2984.0,81.0,0.0,0.04000854,0.0,14.4,6.75,16.5
139.0,38714.1,52.5534598,-1.4659709,70.83,295.316,94.72,-0.5,0.1,0.0,71.28,71.33,71.03999,71.09999,2.5,71.35,0.0,0.07956004,0.0,5.0,3.0,3008.0,81.0,0.0,-0.1900024,0.0,14.4,6.75,16.5
139.0,38714.2,52.5534673,-1.4659972,70.844,295.122,94.66,-0.51,0.1,0.0,71.44,71.45,71.3,71.37,2.800018,71.35,0.0,0.07956004,0.0,5.0,3.0,3023.0,81.0,0.0,0.04000854,0.0,14.3,6.75,16.5
139.0,38714.3,52.5534747,-1.4660237,71.262,294.79400000000004,94.6,-0.52,0.1,0.0,71.64999,71.58,71.26999,71.51999,2.5,71.52,0.0,0.08976007,0.0,5.0,3.0,2998.0,81.0,0.0,0.04000854,0.0,14.4,6.75,16.5
139.0,38714.4,52.5534821,-1.4660501,71.042,294.564,94.53,-0.53,0.1,0.0,71.78999,71.70999,71.47,71.75,2.399994,71.72,0.0,0.08976007,0.0,5.0,3.0,2982.0,81.0,0.0,-0.1900024,0.0,14.4,6.75,16.5
139.0,38714.5,52.5534894,-1.4660766,71.143,294.34,94.48,-0.53,0.1,0.0,71.73999,72.03,71.31999,71.61,2.600006,71.84,0.009180069,0.07956004,0.0,5.0,3.0,2739.0,81.0,0.0,0.04000854,0.0,14.4,6.75,16.5
139.0,38714.6,52.5534966,-1.4661035,71.63600000000001,293.909,94.41,-0.55,0.1,0.0,71.91,72.28999,71.64,71.84999,2.399994,71.86,0.009180069,0.07956004,0.0,5.0,3.0,2550.0,81.0,0.0,-0.1900024,0.0,14.4,6.75,16.5
139.0,38714.7,52.5535038,-1.4661301999999998,71.521,293.816,94.35,-0.55,0.1,0.0,71.98,72.37,71.8,72.00999,2.300018,72.14,0.0,0.05915999,0.0,5.0,3.0,2331.0,81.0,0.0,-0.1900024,0.0,14.4,6.75,16.5
139.0,38714.8,52.553511,-1.4661571,71.676,293.576,94.27,-0.58,0.1,0.0,72.14999,72.58,71.87999,72.09999,2.300018,72.38,0.0,0.05915999,0.0,5.0,3.0,2285.0,81.0,0.0,0.04000854,0.0,14.4,6.75,16.5
139.0,38714.9,52.5535181,-1.4661841,71.896,293.372,94.2,-0.58,0.1,0.0,72.28,72.64,72.14,72.34,1.899994,72.6,0.009180069,0.05915999,0.0,5.0,3.0,2233.0,81.0,0.0,-0.1900024,0.0,14.4,6.75,16.5
139.0,38715.0,52.5535251,-1.4662112,71.903,292.976,94.14,-0.59,0.1,0.0,72.42999,72.55,72.39999,72.34,1.700012,72.54,0.0,0.05915999,0.0,5.0,3.0,2222.0,81.0,0.0,0.04000854,0.0,14.3,6.75,16.5
139.0,38715.1,52.5535321,-1.4662385,72.205,292.809,94.07,-0.6,0.1,0.0,72.59,72.64999,72.70999,72.48999,1.200012,72.67,0.0,0.01937985,0.0,5.0,3.0,2224.0,81.0,0.0,-0.1900024,0.0,14.4,6.75,16.5
139.0,38715.2,52.553539,-1.4662658,72.335,292.755,93.99,-0.61,0.1,0.0,72.81999,72.78999,72.73,72.47,0.8999939,72.79,0.0,0.0,0.0,5.0,3.0,2240.0,81.0,0.0,0.04000854,0.0,14.4,6.75,16.5
139.0,38715.3,52.5535459,-1.4662931,72.27,292.514,93.93,-0.62,0.1,0.0,73.01999,72.89,72.73,72.59999,0.6000061,72.89,0.0,0.0,0.0,6.0,3.0,2242.0,81.0,0.0,0.04000854,0.0,14.3,6.75,16.5
139.0,38715.4,52.5535529,-1.4663205,72.428,292.54400000000004,93.85,-0.63,0.1,0.0,73.17,73.00999,72.84999,72.95,0.3000183,72.93,0.0,0.0,0.0,6.0,3.0,2275.0,81.0,0.0,-0.1900024,0.0,14.3,6.75,16.5
139.0,38715.5,52.5535598,-1.4663479,72.623,292.492,93.78,-0.64,0.1,0.0,73.37,73.2,73.03999,73.03,-0.1999817,73.16,0.0,-0.01938009,0.0,6.0,3.0,2291.0,81.0,0.0,0.04000854,0.0,14.3,6.75,18.5
139.0,38715.6,52.553566700000005,-1.4663754,72.67,292.472,93.71,-0.64,0.1,0.0,73.47,73.42999,73.09,72.98,-0.3999939,73.29,0.0,-0.03978014,0.0,6.0,3.0,2313.0,81.0,0.0,0.04000854,0.0,14.4,6.75,19.5
139.0,38715.7,52.5535737,-1.466403,72.86399999999999,292.514,93.64,-0.64,0.1,0.0,73.44,73.59999,73.22,73.14,-0.6999816999999999,73.48,0.0,-0.05915999,0.0,6.0,3.0,2324.0,81.0,0.0,0.04000854,0.0,14.3,6.75,20.5
139.0,38715.8,52.553580700000005,-1.4664305000000002,72.821,292.668,93.58,-0.64,0.1,0.0,73.61,73.67,73.47,73.33,-0.7999878,73.72,0.009180069,-0.05915999,0.0,6.0,3.0,2343.0,81.0,0.0,0.04000854,0.0,14.3,6.75,20.5
139.0,38715.9,52.5535878,-1.4664581,73.17399999999999,292.691,93.52,-0.64,0.1,0.0,73.83,73.64,73.64,73.45,-1.100006,73.83,0.009180069,-0.05915999,0.0,6.0,3.0,2359.0,81.0,0.0,0.04000854,0.0,14.4,6.75,20.5
139.0,38716.0,52.5535949,-1.4664857,73.249,292.856,93.45,-0.63,0.1,0.0,73.94,73.72,74.0,73.56999,-1.5,73.87,0.009180069,-0.06936002,0.0,6.0,3.0,2380.0,81.0,0.0,-0.1900024,0.0,14.2,6.75,20.5
139.0,38716.1,52.553602,-1.4665134,73.35,292.844,93.39,-0.63,0.1,0.0,74.12999,73.86,74.05,73.59,-1.5,74.02,0.0,-0.07956004,0.0,6.0,3.0,2395.0,81.0,0.0,0.04000854,0.0,14.3,6.75,20.5
139.0,38716.2,52.55360929999999,-1.4665411000000002,73.559,293.185,93.33,-0.62,0.1,0.0,74.20999,74.06999,74.09999,73.67,-1.299988,74.08,0.0,-0.06936002,0.0,6.0,3.0,2360.0,81.0,0.0,0.04000854,0.0,14.3,6.75,22.5
139.0,38716.3,52.553616600000005,-1.4665686999999998,73.52600000000001,293.35400000000004,93.27,-0.62,0.1,0.0,74.51999,74.20999,74.23999,74.06,-1.199982,74.26,0.009180069,-0.06936002,0.0,6.0,3.0,2120.0,81.0,0.0,0.04000854,0.0,14.3,6.75,24.0
139.0,38716.4,52.553623900000005,-1.4665965,73.872,293.409,93.21,-0.61,0.1,0.0,74.67,74.55,74.39999,74.28999,-1.299988,74.43999000000001,0.01937985,-0.06936002,0.0,6.0,3.0,1860.0,81.0,0.0,-0.1900024,0.0,14.4,6.75,24.5
139.0,38716.5,52.5536313,-1.4666243,74.077,293.499,93.15,-0.61,0.1,0.0,74.92,74.87,74.41,74.31999,-1.199982,74.79,0.0,-0.05915999,0.0,6.0,3.0,1910.0,81.0,0.0,0.04000854,0.0,14.3,6.75,25.0
139.0,38716.6,52.5536388,-1.4666519999999998,74.02,293.844,93.1,-0.59,0.1,0.0,74.92,74.97,74.66,74.45,-1.199982,74.85,0.01937985,-0.05915999,0.0,6.0,3.0,1911.0,81.0,0.0,0.04000854,0.0,14.3,6.75,25.0
140.0,38716.7,52.5536463,-1.4666798,74.333,293.872,93.03,-0.6,0.1,0.0,75.12999,75.0,74.92999,74.73999,-1.299988,75.14,0.02957988,-0.06936002,0.0,6.0,3.0,1934.0,81.0,0.0,-0.1900024,0.0,14.3,6.75,25.0
140.0,38716.8,52.5536538,-1.4667077,74.369,293.846,92.99,-0.58,0.1,0.0,75.34,75.44,75.28999,74.86,-1.199982,75.18,0.02957988,-0.05915999,0.0,6.0,3.0,1939.0,81.0,0.0,-0.1900024,0.0,14.2,6.75,25.0
140.0,38716.9,52.5536615,-1.4667356,74.678,294.16700000000003,92.94,-0.58,0.1,0.0,75.5,75.25999,75.42999,75.06,-1.299988,75.43999000000001,0.02957988,-0.05915999,0.0,6.0,3.0,1925.0,81.0,0.0,0.04000854,0.0,14.2,6.75,25.0
140.0,38717.0,52.5536692,-1.4667636000000002,75.2,294.273,92.89,-0.57,0.1,0.0,75.84,75.39999,75.50999,75.12,-1.199982,75.65,0.02957988,-0.05915999,0.0,6.0,3.0,1928.0,81.0,0.0,0.04000854,0.0,14.3,6.75,25.0
139.0,38717.1,52.553677,-1.4667915,74.876,294.384,92.83,-0.57,0.1,0.0,75.98,75.83,75.7,75.53999,-1.100006,75.77,0.01937985,-0.04997993,0.0,6.0,3.0,1947.0,81.0,0.0,0.04000854,0.0,14.3,6.75,25.0
140.0,38717.2,52.5536847,-1.4668196,75.208,294.423,92.78,-0.56,0.1,0.0,76.03999,76.16,75.78999,75.67999,-0.8999939,76.11,0.02957988,-0.04997993,0.0,6.0,3.0,1944.0,81.0,0.0,0.04000854,0.0,14.3,6.75,25.0
140.0,38717.3,52.5536926,-1.4668477,75.593,294.66700000000003,92.73,-0.55,0.1,0.0,76.23,76.16,76.09999,75.94,-0.8999939,76.25,0.02957988,-0.04997993,0.0,6.0,3.0,1946.0,81.0,0.0,0.04000854,0.0,14.4,6.75,25.0
140.0,38717.4,52.5537006,-1.4668758,75.69,294.842,92.68,-0.53,0.1,0.0,76.41,76.31,76.36,76.17,-0.8999939,76.37,0.02957988,-0.03978014,0.0,6.0,3.0,1948.0,81.0,0.0,0.04000854,0.0,14.3,6.75,25.0
140.0,38717.5,52.5537086,-1.4669041,75.928,294.749,92.63,-0.53,0.1,0.0,76.67999,76.56999,76.69,76.23999,-0.6000061,76.59,0.01937985,-0.02958012,0.0,6.0,3.0,1956.0,81.0,0.0,-0.1900024,0.0,14.4,6.75,25.0
140.0,38717.6,52.5537166,-1.4669323,76.054,294.961,92.57,-0.54,0.1,0.0,77.05,76.87999,76.56999,76.39999,-0.2999877999999999,76.83,0.01937985,-0.009180069,0.0,6.0,3.0,1957.0,81.0,0.0,-0.1900024,0.0,14.2,6.75,25.0
139.0,38717.7,52.5537246,-1.4669605,76.13600000000001,295.025,92.53,-0.53,0.1,0.0,77.12,77.12999,76.81999,76.84,-0.1999817,76.99,0.02957988,-0.009180069,0.0,6.0,3.0,1971.0,82.0,0.0,0.04000854,0.0,14.3,6.75,25.0
139.0,38717.8,52.5537327,-1.4669889,76.367,294.925,92.48,-0.51,0.1,0.0,77.14,77.26999,76.98999,76.98,-0.1000061,77.1,0.02957988,-0.009180069,0.0,6.0,3.0,1963.0,82.0,0.0,0.2799988,0.0,14.3,6.75,25.5
139.0,38717.9,52.5537408,-1.4670173999999998,76.684,294.931,92.44,-0.5,0.1,0.0,77.41,77.42999,77.17,77.06,-0.1999817,77.36,0.02957988,-0.009180069,0.0,6.0,3.0,1967.0,82.0,0.0,0.04000854,0.0,14.3,6.75,25.5
139.0,38718.0,52.5537489,-1.4670459,76.79899999999999,295.023,92.4,-0.49,0.1,0.0,77.59,77.58,77.33,77.3,0.0,77.6,0.02957988,0.0,0.0,6.0,3.0,1974.0,82.0,0.0,0.04000854,0.0,14.3,6.75,25.5
139.0,38718.1,52.553757,-1.4670744,76.925,295.05400000000003,92.35,-0.49,0.1,0.0,77.75999,77.64999,77.75,77.44,0.1000061,77.73,0.02957988,0.0,0.0,6.0,3.0,1981.0,82.0,0.0,-0.1900024,0.0,14.3,6.75,25.5
139.0,38718.2,52.5537652,-1.4671030000000005,77.098,295.077,92.32,-0.46,0.1,0.0,78.06999,77.83,77.72,77.5,0.0,77.86,0.02957988,-0.009180069,0.0,6.0,3.0,1983.0,82.0,0.0,0.04000854,0.0,14.4,6.75,25.5
139.0,38718.3,52.5537734,-1.4671317,77.396,294.993,92.28,-0.46,0.1,0.0,78.17999,78.09,77.97,77.81999,-0.2999877999999999,78.02,0.02957988,0.0,0.0,6.0,3.0,1969.0,82.0,0.0,-0.1900024,0.0,14.3,6.75,25.5
139.0,38718.4,52.5537815,-1.4671606,77.486,294.827,92.25,-0.44,0.1,0.0,78.22,78.45,78.03,78.03,-0.1999817,78.22,0.02957988,-0.01938009,0.0,6.0,3.0,1967.0,82.0,0.0,-0.1900024,0.0,14.3,6.75,25.5
139.0,38718.5,52.5537898,-1.4671894,77.778,295.062,92.21,-0.43,0.1,0.0,78.42999,78.50999,78.12,78.05,-0.2999877999999999,78.50999,0.01937985,-0.02958012,0.0,6.0,3.0,1977.0,82.0,0.0,0.04000854,0.0,14.3,6.75,26.5
139.0,38718.6,52.5537981,-1.4672182000000002,77.832,295.177,92.18,-0.42,0.1,0.0,78.61,78.55,78.5,78.28,-0.2999877999999999,78.59,0.02957988,-0.01938009,0.0,6.0,3.0,1973.0,82.0,0.0,0.04000854,0.0,14.3,6.75,27.0
140.0,38718.7,52.553806300000005,-1.4672472,77.954,294.981,92.14,-0.41,0.1,0.0,78.81999,78.58,78.73,78.31999,-0.7999878,78.65,0.0397799,-0.03978014,0.0,6.0,3.0,1982.0,82.0,0.0,0.04000854,0.0,14.3,6.75,27.0
140.0,38718.8,52.5538146,-1.4672762,78.22399999999999,295.119,92.12,-0.39,0.1,0.0,79.01999,78.81,78.75999,78.45999,-1.0,78.82,0.0397799,-0.03978014,0.0,6.0,3.0,1999.0,82.0,0.0,0.04000854,0.0,14.3,6.75,27.0
140.0,38718.9,52.5538229,-1.4673052,78.332,295.189,92.08,-0.39,0.1,0.0,79.17999,79.28,78.84999,78.83,-0.3999939,79.04,0.02957988,-0.03978014,0.0,6.0,3.0,2004.0,82.0,0.0,0.04000854,0.0,14.4,6.75,27.0
140.0,38719.0,52.5538314,-1.4673342,78.458,295.421,92.05,-0.38,0.1,0.0,79.3,79.31999,78.94,78.84,-0.3999939,79.3,0.02957988,-0.04997993,0.0,6.0,3.0,2013.0,82.0,0.0,0.04000854,0.0,14.4,6.75,27.0
140.0,38719.1,52.5538398,-1.4673633,78.62,295.415,92.02,-0.37,0.1,0.0,79.53999,79.34999,79.36,79.09999,-0.5,79.50999,0.02957988,-0.02958012,0.0,6.0,3.0,1994.0,82.0,0.0,0.04000854,0.0,14.3,6.75,27.0
140.0,38719.2,52.553848300000006,-1.4673925,78.822,295.432,91.99,-0.36,0.1,0.0,79.62999,79.39999,79.48,79.20999,-0.5,79.50999,0.02957988,-0.03978014,0.0,6.0,3.0,2003.0,82.0,0.0,0.04000854,0.0,14.3,6.75,27.0
140.0,38719.3,52.55385679999999,-1.4674217,79.11399999999999,295.533,91.97,-0.34,0.1,0.0,79.84999,79.65999000000001,79.56999,79.25,-0.3999939,79.68,0.01937985,-0.01938009,0.0,6.0,3.0,1991.0,82.0,0.0,0.04000854,0.0,14.3,6.75,25.0
140.0,38719.4,52.55386539999999,-1.4674509,79.074,295.671,91.94,-0.33,0.1,0.0,79.89999,80.03999,79.58,79.59999,-0.1999817,79.82,0.02957988,-0.01938009,0.0,6.0,3.0,2004.0,82.0,0.0,0.04000854,0.0,14.3,6.75,22.0
140.0,38719.5,52.5538739,-1.4674801,79.25,295.612,91.92,-0.32,0.1,0.0,79.98,80.00999,79.75,79.61,-0.2999877999999999,79.96,0.02957988,-0.01938009,0.0,6.0,3.0,2027.0,82.0,0.0,0.04000854,0.0,14.4,6.75,21.5
140.0,38719.6,52.5538826,-1.4675094999999998,79.607,295.638,91.89,-0.3,0.1,0.0,80.09,79.95999,79.98999,79.75999,-0.1999817,80.06,0.01937985,-0.009180069,0.0,6.0,3.0,2040.0,82.0,0.0,0.04000854,0.0,14.4,6.75,21.5
140.0,38719.7,52.5538912,-1.4675388,79.43,295.703,91.87,-0.3,0.1,0.0,80.28,80.0,80.17,79.81,-0.1000061,80.12,0.01937985,-0.01938009,0.0,6.0,3.0,2074.0,82.0,0.0,-1.380005,0.0,14.4,6.75,21.5
140.0,38719.8,52.5538998,-1.4675682,79.682,295.781,91.85,-0.29,0.1,0.0,80.37999,80.25,80.06999,79.8,0.0,80.22,0.009180069,-0.009180069,0.0,6.0,3.0,2078.0,82.0,0.0,0.04000854,0.0,14.4,6.75,22.5
140.0,38719.9,52.553908500000006,-1.4675976000000002,79.76899999999999,295.784,91.82,-0.28,0.1,0.0,80.47,80.47,80.00999,79.95,0.1000061,80.47,0.009180069,-0.009180069,0.0,6.0,3.0,2086.0,82.0,0.0,0.04000854,0.0,14.4,6.75,23.0
140.0,38720.0,52.5539172,-1.467627,79.69,295.851,91.8,-0.27,0.1,0.0,80.53,80.51999,80.20999,80.08,0.0,80.58,0.009180069,0.0,0.0,6.0,3.0,2095.0,82.0,0.0,0.04000854,0.0,14.3,6.75,23.5
140.0,38720.1,52.5539259,-1.4676564,79.848,295.712,91.79,-0.25,0.1,0.0,80.75999,80.47,80.53,80.25999,-0.1000061,80.55,0.01937985,-0.009180069,0.0,6.0,3.0,2070.0,82.0,0.0,-0.1900024,0.0,14.3,6.75,23.5
140.0,38720.2,52.553934600000005,-1.4676859,79.985,295.741,91.77,-0.25,0.1,0.0,80.84999,80.51999,80.56999,80.31999,0.0,80.61,0.02957988,-0.009180069,0.0,6.0,3.0,2079.0,82.0,0.0,0.04000854,0.0,14.3,6.75,23.5
140.0,38720.3,52.5539433,-1.4677155000000002,80.122,295.7,91.76,-0.23,0.1,0.0,80.73999,80.95999,80.56999,80.61,0.0,80.78,0.02957988,-0.009180069,0.0,6.0,3.0,2057.0,82.0,0.0,-0.1900024,0.0,14.3,6.75,23.5
140.0,38720.4,52.553952,-1.4677451,80.334,295.779,91.74,-0.21,0.1,0.0,80.89,81.0,80.59,80.59,0.0,80.98,0.01937985,-0.01938009,0.0,6.0,3.0,2042.0,83.0,0.0,0.04000854,0.0,14.3,6.75,23.5
140.0,38720.5,52.553960800000006,-1.4677748000000002,80.417,295.835,91.73,-0.21,0.1,0.0,81.14999,80.95999,80.98999,80.72,0.0,81.07,0.01937985,-0.009180069,0.0,6.0,3.0,2063.0,83.0,0.0,0.04000854,0.0,14.4,6.75,23.5
140.0,38720.6,52.5539695,-1.4678044,80.406,295.796,91.71,-0.2,0.1,0.0,81.28999,81.00999,81.11,80.81999,-0.1999817,81.08,0.02957988,-0.009180069,0.0,6.0,3.0,2066.0,83.0,0.0,-0.1900024,0.0,14.4,6.75,23.5
139.0,38720.7,52.5539782,-1.4678341,80.608,295.703,91.71,-0.19,0.1,0.0,81.40999000000001,81.09,81.06999,80.83,-0.2999877999999999,81.18999000000001,0.01937985,-0.01938009,0.0,6.0,3.0,2050.0,83.0,0.0,0.04000854,0.0,14.4,6.75,23.5
139.0,38720.8,52.5539871,-1.4678639,80.744,295.927,91.7,-0.17,0.1,0.0,81.28999,81.53,81.12,81.14,0.0,81.36,0.01937985,-0.01938009,0.0,6.0,3.0,2054.0,83.0,0.0,-0.1900024,0.0,14.3,6.75,21.5
139.0,38720.9,52.5539959,-1.4678936,80.752,295.79400000000004,91.68,-0.17,0.1,0.0,81.48,81.33,81.36,81.11,-0.1999817,81.49,0.01937985,-0.009180069,0.0,6.0,3.0,2043.0,83.0,0.0,-0.1900024,0.0,14.3,6.75,20.0
139.0,38721.0,52.5540047,-1.4679234,80.798,295.832,91.68,-0.16,0.1,0.0,81.5,81.28,81.50999,81.17999,-0.1999817,81.46,0.01937985,-0.01938009,0.0,6.0,3.0,2039.0,83.0,0.0,-0.1900024,0.0,14.3,6.75,20.0
139.0,38721.1,52.5540135,-1.4679533,81.108,295.904,91.67,-0.14,0.1,0.0,81.59999,81.31999,81.42999,81.14999,-0.2999877999999999,81.43999000000001,0.009180069,-0.02958012,0.0,6.0,3.0,2053.0,83.0,0.0,0.04000854,0.0,14.3,6.75,20.0
139.0,38721.2,52.5540224,-1.4679831,81.158,296.06,91.67,-0.13,0.1,0.0,81.56,81.75,81.5,81.26999,-0.1999817,81.57,0.009180069,-0.01938009,0.0,6.0,3.0,2046.0,83.0,0.0,0.04000854,0.0,14.4,6.75,20.0
139.0,38721.3,52.554031300000005,-1.468013,81.104,296.08,91.65,-0.14,0.1,0.0,81.72,81.73999,81.39,81.31,0.0,81.78,0.009180069,-0.01938009,0.0,6.0,3.0,2037.0,83.0,0.0,0.04000854,0.0,14.4,6.75,20.0
139.0,38721.4,52.5540403,-1.4680429,81.31,296.058,91.64,-0.14,0.1,0.0,81.92,81.73,81.65999000000001,81.34,-0.1999817,81.83,0.0,-0.009180069,0.0,6.0,3.0,2041.0,83.0,0.0,-0.1900024,0.0,14.3,6.75,20.0
139.0,38721.5,52.55404910000001,-1.4680727,81.04,295.998,91.62,-0.15,0.1,0.0,82.01999,81.69,81.73,81.5,-0.1999817,81.85,0.009180069,-0.009180069,0.0,6.0,3.0,2039.0,83.0,0.0,0.04000854,0.0,14.4,6.75,20.0
139.0,38721.6,52.5540581,-1.4681026,81.324,296.019,91.61,-0.13,0.1,0.0,81.90999000000001,81.92999,81.76999,81.47,-0.1000061,81.93,0.009180069,-0.009180069,0.0,6.0,3.0,2035.0,83.0,0.0,0.04000854,0.0,14.3,6.75,20.0
139.0,38721.7,52.554067,-1.4681325,81.37100000000001,296.081,91.61,-0.12,0.1,0.0,81.87,81.89,81.67,81.67999,0.0,81.86,0.009180069,-0.01938009,0.0,6.0,3.0,2030.0,83.0,0.0,-0.1900024,0.0,14.4,6.75,20.0
139.0,38721.8,52.554076,-1.4681624999999998,81.515,296.093,91.6,-0.11,0.1,0.0,81.98999,81.83,81.89,81.67,0.1000061,81.95,0.009180069,-0.01938009,0.0,6.0,3.0,2041.0,83.0,0.0,0.04000854,0.0,14.3,6.75,20.0
139.0,38721.9,52.554085,-1.4681925,81.605,296.218,91.59,-0.12,0.1,0.0,82.26999,81.98,81.97,81.70999,0.2000122,82.05,0.0,-0.009180069,0.0,6.0,3.0,2036.0,83.0,0.0,0.04000854,0.0,14.4,6.75,20.5
139.0,38722.0,52.55409399999999,-1.4682223999999997,81.529,296.269,91.58,-0.12,0.1,0.0,82.14999,82.12999,81.81999,81.5,0.1000061,82.17,0.009180069,0.0,0.0,6.0,3.0,2043.0,83.0,0.0,-0.1900024,0.0,14.3,6.75,20.5
139.0,38722.1,52.5541029,-1.4682524,81.569,296.121,91.56,-0.13,0.1,0.0,82.19,82.28999,81.95,82.03999,0.0,82.25999,0.009180069,0.0,0.0,6.0,3.0,2046.0,83.0,0.0,-0.1900024,0.0,14.4,6.75,20.5
139.0,38722.2,52.554112,-1.4682824,81.806,296.157,91.55,-0.12,0.1,0.0,82.34999,82.19,81.98999,81.8,0.0,82.37,0.0,0.0,0.0,6.0,3.0,2043.0,83.0,0.0,0.04000854,0.0,14.4,6.75,21.0
139.0,38722.3,52.5541209,-1.4683124,81.583,296.124,91.53,-0.13,0.1,0.0,82.5,82.23,82.40999000000001,82.14,0.1000061,82.3,0.01937985,0.0,0.0,6.0,3.0,2048.0,83.0,0.0,0.04000854,0.0,14.3,6.75,21.0
139.0,38722.4,52.55412990000001,-1.4683425,81.81,296.063,91.53,-0.12,0.1,0.0,82.5,82.39,82.23999,81.89,0.1000061,82.42,0.009180069,-0.009180069,0.0,6.0,3.0,2042.0,83.0,0.0,0.04000854,0.0,14.3,6.75,21.0
139.0,38722.5,52.5541389,-1.4683727,81.98299999999999,296.021,91.53,-0.11,0.1,0.0,82.37,82.48999,82.23999,82.25,0.1000061,82.39,0.01937985,-0.009180069,0.0,6.0,3.0,2041.0,83.0,0.0,0.04000854,0.0,14.3,6.75,21.0
139.0,38722.6,52.554148000000005,-1.4684028,82.02600000000001,296.215,91.52,-0.11,0.1,0.0,82.55,82.50999,82.34999,82.20999,0.3000183,82.85,0.009180069,-0.01938009,0.0,6.0,3.0,2059.0,83.0,0.0,0.04000854,0.0,14.3,6.75,21.0
139.0,38722.7,52.554157,-1.4684329,82.05799999999999,296.29900000000004,91.5,-0.12,0.1,0.0,82.89,82.70999,82.67,82.25999,0.2000122,82.64,0.009180069,0.0,0.0,6.0,3.0,2049.0,83.0,0.0,-0.1900024,0.0,14.4,6.75,21.5
139.0,38722.8,52.554166,-1.468463,81.932,296.023,91.49,-0.12,0.1,0.0,82.76999,82.92999,82.45999,82.01999,0.0,82.82,0.009180069,0.0,0.0,6.0,3.0,2062.0,84.0,0.0,-0.1900024,0.0,14.3,6.75,22.5
139.0,38722.9,52.554175,-1.4684932000000002,82.008,295.93,91.49,-0.1,0.1,0.0,82.50999,82.67999,82.55,82.61,0.0,82.68999000000001,0.02957988,0.0,0.0,6.0,3.0,2051.0,84.0,0.0,-0.1900024,0.0,14.3,6.75,22.5
139.0,38723.0,52.55418399999999,-1.4685236000000002,82.613,295.962,91.49,-0.09,0.1,0.0,82.94,82.84,83.14,82.75,0.2000122,82.81,0.009180069,-0.009180069,0.0,6.0,3.0,2060.0,84.0,0.0,-0.1900024,0.0,14.3,6.75,24.5
139.0,38723.1,52.5541931,-1.468554,82.566,296.17400000000004,91.47,-0.1,0.1,0.0,83.28999,83.09,82.92,82.39999,0.6000061,83.06,0.009180069,0.0,0.0,6.0,3.0,2061.0,84.0,0.0,0.04000854,0.0,14.4,6.75,25.5
139.0,38723.2,52.554202100000005,-1.4685841,82.181,296.143,91.45,-0.12,0.1,0.0,83.23999,83.3,82.81999,82.62,0.3999939,83.24,0.01937985,0.0,0.0,6.0,3.0,2067.0,84.0,0.0,0.04000854,0.0,14.3,6.75,27.5
139.0,38723.3,52.554211200000005,-1.4686146,82.624,295.941,91.43,-0.12,0.1,0.0,83.17,83.28,83.03999,83.14,0.1000061,83.24,0.0397799,0.0,0.0,6.0,3.0,2063.0,84.0,0.0,-0.1900024,0.0,14.3,6.75,27.5
139.0,38723.4,52.5542203,-1.4686451,82.92200000000001,295.988,91.43,-0.11,0.1,0.0,83.53,83.37,83.42999,83.17,0.7000122,83.35,0.02957988,0.0,0.0,6.0,3.0,2077.0,84.0,0.0,0.04000854,0.0,14.3,6.75,27.5
139.0,38723.5,52.5542294,-1.4686755,82.84700000000001,296.064,91.42,-0.11,0.1,0.0,83.75999,83.53,83.48,83.26999,0.6000061,83.56,0.01937985,0.01937985,0.0,6.0,3.0,2083.0,84.0,0.0,-0.1900024,0.0,14.3,6.75,27.5
140.0,38723.6,52.5542384,-1.4687061,82.87899999999999,295.83,91.41,-0.11,0.1,0.0,83.53,83.84,83.40999000000001,83.26999,0.3000183,83.67,0.02957988,0.01937985,0.0,6.0,3.0,2078.0,84.0,0.0,0.04000854,0.0,14.4,6.75,27.5
140.0,38723.7,52.5542474,-1.4687367,83.02,295.833,91.4,-0.11,0.1,0.0,83.75,83.73999,83.51999,83.59999,0.3999939,83.78,0.0397799,0.009180069,0.0,6.0,3.0,2080.0,84.0,0.0,0.04000854,0.0,14.4,6.75,27.5
140.0,38723.8,52.5542565,-1.4687674,83.369,295.735,91.4,-0.09,0.1,0.0,83.95999,83.83,83.70999,83.59,0.3999939,83.86,0.02957988,0.0,0.0,6.0,3.0,2090.0,84.0,0.0,0.04000854,0.0,14.3,6.75,27.5
140.0,38723.9,52.55426550000001,-1.4687982,83.43700000000001,295.763,91.39,-0.1,0.1,0.0,84.12,83.97,83.84999,83.59,0.0,84.00999,0.02957988,0.0,0.0,6.0,3.0,2089.0,84.0,0.0,0.04000854,0.0,14.3,6.75,27.5
140.0,38724.0,52.5542746,-1.4688289,83.419,295.73900000000003,91.37,-0.11,0.1,0.0,84.09999,84.37999,83.90999000000001,83.62,-0.1999817,84.17,0.02957988,-0.01938009,0.0,6.0,3.0,2089.0,84.0,0.0,0.04000854,0.0,14.3,6.75,27.5
139.0,38724.1,52.5542836,-1.4688598,83.635,295.578,91.36,-0.11,0.1,0.0,84.37999,84.25999,83.95,83.86,-0.6000061,84.41,0.01937985,-0.01938009,0.0,6.0,3.0,2098.0,84.0,0.0,0.04000854,0.0,14.3,6.75,27.5
139.0,38724.2,52.554292700000005,-1.4688907,83.693,295.732,91.36,-0.1,0.1,0.0,84.59999,84.23,84.48,84.03999,-0.5,84.3,0.02957988,-0.03978014,0.0,6.0,3.0,2095.0,84.0,0.0,0.04000854,0.0,14.3,6.75,23.5
139.0,38724.3,52.5543018,-1.4689217,83.995,295.735,91.34,-0.11,0.1,0.0,84.59999,84.53999,84.36,84.12999,-0.2999877999999999,84.58,0.01937985,-0.02958012,0.0,6.0,3.0,2100.0,84.0,0.0,-0.1900024,0.0,14.3,6.75,19.0
140.0,38724.4,52.554311,-1.4689526000000002,83.95200000000001,295.921,91.33,-0.11,0.1,0.0,84.67,84.76999,84.36,84.03999,-0.1999817,84.7,0.01937985,-0.02958012,0.0,6.0,3.0,2095.0,84.0,0.0,0.04000854,0.0,14.3,6.75,18.5
140.0,38724.5,52.5543201,-1.4689835,83.98100000000001,295.905,91.32,-0.1,0.1,0.0,84.64999,84.53999,84.42999,84.33,-0.1999817,84.64,0.01937985,-0.01938009,0.0,6.0,3.0,2105.0,84.0,0.0,-0.1900024,0.0,14.4,6.75,18.5
140.0,38724.6,52.55432929999999,-1.4690145,84.125,295.813,91.32,-0.1,0.1,0.0,84.78999,84.45,84.89,84.39999,-0.6000061,84.62,0.009180069,-0.02958012,0.0,6.0,3.0,2105.0,84.0,0.0,-0.1900024,0.0,14.4,6.75,18.5
140.0,38724.7,52.5543385,-1.4690455,84.359,295.985,91.31,-0.09,0.1,0.0,84.69,84.86,84.59999,84.25999,-0.1999817,84.68999000000001,0.0,-0.02958012,0.0,6.0,3.0,2098.0,84.0,0.0,-0.1900024,0.0,14.3,6.75,18.5
140.0,38724.8,52.5543477,-1.4690765,84.31200000000001,296.01,91.29,-0.1,0.1,0.0,84.86,84.75999,84.39999,84.42,-0.1999817,84.85,0.0,-0.02958012,0.0,6.0,3.0,2102.0,84.0,0.0,0.04000854,0.0,14.3,6.75,17.0
140.0,38724.9,52.554357,-1.4691073999999995,84.12799999999999,296.133,91.28,-0.1,0.1,0.0,85.0,84.69,84.53,84.28,0.0,84.84,0.0,-0.02958012,0.0,6.0,3.0,2111.0,84.0,0.0,0.04000854,0.0,14.3,6.75,13.5
139.0,38725.0,52.5543663,-1.4691384,84.2,296.175,91.26,-0.11,0.1,0.0,84.81999,84.56999,84.75999,84.50999,-0.2999877999999999,84.65,0.0,-0.01938009,0.0,6.0,3.0,2103.0,84.0,0.0,0.04000854,0.0,14.4,6.75,11.0
139.0,38725.1,52.55437559999999,-1.4691694,84.355,296.105,91.26,-0.1,0.1,0.0,84.62999,84.78,84.59,84.28,-0.1999817,84.72,0.0,-0.02958012,0.0,6.0,3.0,2105.0,84.0,0.0,0.04000854,0.0,14.4,6.75,10.5
139.0,38725.2,52.5543849,-1.4692003,84.15,296.23,91.26,-0.09,0.1,0.0,84.62999,84.5,84.42,84.42999,0.0,84.6,-0.009180069,-0.009180069,0.0,6.0,3.0,2095.0,84.0,0.0,0.04000854,0.0,14.4,6.75,10.5
139.0,38725.3,52.5543942,-1.4692311999999998,84.208,296.224,91.25,-0.09,0.1,0.0,84.73,84.39999,84.64999,84.22,0.0,84.54,-0.01938009,-0.01938009,0.0,6.0,3.0,2103.0,84.0,0.0,0.04000854,0.0,14.4,6.75,10.5
139.0,38725.4,52.5544034,-1.4692621,84.193,296.221,91.24,-0.09,0.1,0.0,84.53,84.62,84.31,84.12,0.3000183,84.52,-0.01938009,0.0,0.0,6.0,3.0,2092.0,84.0,0.0,0.04000854,0.0,14.4,6.75,9.5
139.0,38725.5,52.55441270000001,-1.4692929,83.844,296.284,91.23,-0.09,0.1,0.0,84.42,84.50999,84.09999,84.03999,0.6000061,84.50999,-0.02958012,0.009180069,0.0,6.0,3.0,2101.0,84.0,0.0,0.04000854,0.0,14.3,6.75,8.0
139.0,38725.6,52.554422,-1.4693237,83.93799999999999,296.305,91.22,-0.09,0.1,0.0,84.34999,84.15999000000001,84.12999,84.05,0.6000061,84.21,-0.01938009,0.009180069,0.0,6.0,3.0,2084.0,84.0,0.0,-0.1900024,0.0,14.4,6.75,4.5
139.0,38725.7,52.554431300000005,-1.4693545,83.934,296.176,91.22,-0.08,0.1,0.0,84.26999,84.00999,84.14999,84.01999,0.6000061,84.16,-0.02958012,0.009180069,0.0,6.0,3.0,2089.0,84.0,0.0,0.04000854,0.0,14.3,6.75,2.5
139.0,38725.8,52.554440500000005,-1.4693853,83.75,296.212,91.21,-0.09,0.1,0.0,84.00999,84.39999,83.76999,83.72,1.0,84.21,-0.03978014,0.01937985,0.0,6.0,3.0,2095.0,84.0,0.0,-0.1900024,0.0,14.3,6.75,2.0
140.0,38725.9,52.5544497,-1.4694159000000002,83.491,296.143,91.2,-0.09,0.1,0.0,83.83,83.98999,83.72,83.81999,0.2000122,84.03,-0.03978014,0.02957988,0.0,6.0,3.0,2087.0,84.0,0.0,0.04000854,0.0,14.4,6.75,2.0
140.0,38726.0,52.554458800000006,-1.4694467,83.42299999999999,295.85,91.2,-0.07,0.1,0.0,83.89999,83.50999,83.81,83.59,0.0,83.74,-0.02958012,0.009180069,0.0,6.0,3.0,2068.0,84.0,0.0,0.04000854,0.0,14.4,6.75,2.0
140.0,38726.1,52.5544678,-1.4694774,83.37200000000001,295.786,91.2,-0.07,0.1,0.0,83.5,83.73999,83.53999,83.39,0.3000183,83.56,-0.03978014,0.0,0.0,6.0,3.0,2056.0,84.0,0.0,-0.1900024,0.0,14.4,6.75,2.0
140.0,38726.2,52.5544769,-1.469508,83.29299999999999,295.963,91.19,-0.06,0.1,0.0,83.37,83.61,83.25999,82.95,0.7000122,83.49,-0.04997993,-0.009180069,0.0,6.0,3.0,2076.0,84.0,0.0,0.04000854,0.0,14.4,6.75,2.0
140.0,38726.3,52.554486,-1.4695385,82.94,295.973,91.18,-0.06,0.1,0.0,83.22,83.06,83.03999,82.97,0.5,83.32,-0.04997993,0.0,0.0,6.0,3.0,2068.0,84.0,0.0,-0.1900024,0.0,14.3,6.75,2.0
140.0,38726.4,52.554495,-1.469569,82.742,295.871,91.18,-0.06,0.1,0.0,83.28,82.86,83.08,82.84999,0.1000061,83.17,-0.04997993,0.0,0.0,6.0,3.0,2071.0,84.0,0.0,0.04000854,0.0,14.4,6.75,2.0
140.0,38726.5,52.554504,-1.4695995,82.69200000000001,295.80400000000003,91.18,-0.05,0.1,0.0,82.84,83.14,82.78,82.62,0.3000183,82.91,-0.04997993,0.0,0.0,6.0,3.0,2065.0,84.0,0.0,-0.1900024,0.0,14.4,6.75,2.0
140.0,38726.6,52.55451300000001,-1.4696298,82.397,295.79,91.18,-0.05,0.1,0.0,82.72,82.83,82.7,82.37999,0.0,82.79,-0.03978014,0.0,0.0,6.0,3.0,2054.0,84.0,0.0,-0.1900024,0.0,14.4,6.75,2.0
140.0,38726.7,52.5545218,-1.4696602,82.27799999999999,295.638,91.18,-0.03,0.1,0.0,82.64999,82.45999,82.28,82.34,-0.3999939,82.56,-0.03978014,-0.01938009,0.0,6.0,3.0,2047.0,84.0,0.0,0.04000854,0.0,14.4,6.75,2.0
140.0,38726.8,52.5545308,-1.4696905,82.152,295.755,91.18,-0.03,0.1,0.0,82.59,82.19,82.31999,82.00999,-0.2999877999999999,82.43,-0.04997993,-0.01938009,0.0,6.0,3.0,2049.0,84.0,0.0,0.04000854,0.0,14.3,6.75,2.0
140.0,38726.9,52.5545397,-1.4697205999999998,81.86,295.857,91.18,-0.03,0.1,0.0,82.28999,82.17999,82.12999,81.97,-0.1999817,82.23,-0.04997993,-0.01938009,0.0,6.0,3.0,2033.0,84.0,0.0,0.04000854,0.0,14.4,6.75,2.0
140.0,38727.0,52.5545486,-1.4697508,81.828,295.789,91.18,-0.02,0.1,0.0,81.92999,82.09999,81.92,81.61,-0.5,82.07,-0.04997993,-0.02958012,0.0,6.0,3.0,2034.0,84.0,0.0,0.04000854,0.0,14.4,6.75,2.0
140.0,38727.1,52.5545575,-1.4697808,81.544,295.885,91.18,-0.02,0.1,0.0,81.97,81.81999,81.7,81.64999,-0.3999939,81.95,-0.04997993,-0.01938009,0.0,6.0,3.0,2034.0,84.0,0.0,0.04000854,0.0,14.4,6.75,1.0
140.0,38727.2,52.5545664,-1.4698107,81.306,295.914,91.19,-0.01,0.1,0.0,81.86,81.34999,81.50999,81.17,-0.3999939,81.65,-0.04997993,-0.01938009,0.0,6.0,3.0,2022.0,84.0,0.0,0.04000854,0.0,14.4,6.75,1.0
140.0,38727.3,52.5545752,-1.4698405,80.903,295.957,91.2,0.0,0.1,0.0,81.48,80.98999,81.51999,81.20999,-0.2999877999999999,81.23,-0.04997993,-0.02958012,0.0,6.0,3.0,2016.0,84.0,0.0,-0.1900024,0.0,14.3,6.75,1.0
140.0,38727.4,52.55458410000001,-1.4698704,81.065,295.931,91.23,0.04,0.1,0.0,80.92999,81.03999,81.31,80.87,-0.5,80.89,-0.03978014,-0.04997993,0.0,6.0,3.0,2009.0,84.0,0.0,-0.1900024,0.0,14.3,6.75,1.0
140.0,38727.5,52.554593,-1.4699,80.896,296.226,91.23,0.04,0.1,0.0,80.83,80.83,80.78,80.42999,-0.5,81.02,-0.04997993,-0.03978014,0.0,6.0,3.0,2013.0,84.0,0.0,0.04000854,0.0,14.4,6.75,1.0
140.0,38727.6,52.5546019,-1.4699296,80.64399999999999,296.289,91.23,0.03,0.1,0.0,81.14,80.65999000000001,80.59,80.34999,-0.7999878,80.89,-0.05915999,-0.02958012,0.0,6.0,3.0,2012.0,84.0,0.0,-0.1900024,0.0,14.4,6.75,1.0
140.0,38727.7,52.5546108,-1.4699591,80.237,296.275,91.23,0.03,0.1,0.0,80.72,80.34,80.64999,80.23999,-0.6999816999999999,80.5,-0.04997993,-0.03978014,0.0,6.0,3.0,2003.0,84.0,0.0,0.04000854,0.0,14.4,6.75,1.0
140.0,38727.8,52.5546197,-1.4699885,80.244,296.374,91.24,0.04,0.1,0.0,80.37,80.47,80.37,80.14,-0.1000061,80.34,-0.05915999,-0.03978014,0.0,6.0,3.0,1989.0,84.0,0.0,0.04000854,0.0,14.4,6.75,1.0
140.0,38727.9,52.5546287,-1.4700178000000002,80.15,296.527,91.24,0.04,0.1,0.0,80.2,80.28,80.06,79.72,0.0,80.31,-0.05915999,-0.009180069,0.0,6.0,3.0,1998.0,84.0,0.0,-0.1900024,0.0,14.3,6.75,0.5
140.0,38728.0,52.5546375,-1.4700469,79.582,296.571,91.24,0.04,0.1,0.0,80.03999,80.01999,79.73999,79.75,0.6000061,80.1,-0.05915999,0.009180069,0.0,6.0,3.0,1991.0,84.0,0.0,0.04000854,0.0,14.4,6.75,0.5
140.0,38728.1,52.5546464,-1.470076,79.502,296.514,91.25,0.04,0.1,0.0,79.75999,79.55,79.70999,79.5,1.0,79.75,-0.04997993,0.01937985,0.0,6.0,3.0,1972.0,84.0,0.0,0.04000854,0.0,14.3,6.75,0.5
140.0,38728.2,52.5546553,-1.4701052,79.40899999999999,296.433,91.26,0.06,0.1,0.0,79.64999,79.59999,79.42,79.47,1.300018,79.41,-0.04997993,0.04997993,0.0,6.0,3.0,1975.0,84.0,0.0,-0.1900024,0.0,14.4,6.75,0.5
140.0,38728.3,52.5546641,-1.4701342,79.268,296.382,91.27,0.06,0.1,0.0,79.12999,79.78,79.12,79.11,1.700012,79.6,-0.05915999,0.04997993,0.0,6.0,3.0,1969.0,85.0,0.0,0.04000854,0.0,14.4,6.75,0.5
140.0,38728.4,52.554672800000006,-1.4701631,78.872,296.293,91.27,0.05,0.1,0.0,79.08,79.2,78.64999,78.64999,1.700012,79.32,-0.05915999,0.05915999,0.0,6.0,3.0,1947.0,85.0,0.0,0.04000854,0.0,14.4,6.75,0.5
140.0,38728.5,52.5546814,-1.470192,78.61,296.096,91.28,0.06,0.1,0.0,78.97,79.03,78.75999,78.98,1.300018,79.06,-0.04997993,0.04997993,0.0,6.0,3.0,1930.0,85.0,0.0,-0.1900024,0.0,14.4,6.75,0.5
140.0,38728.6,52.55469,-1.4702209999999998,78.635,295.91200000000003,91.29,0.07,0.1,0.0,78.81999,78.73,78.81999,78.55,1.100006,78.79,-0.04997993,0.04997993,0.0,6.0,3.0,1929.0,85.0,0.0,-0.1900024,0.0,14.4,6.75,1.0
140.0,38728.7,52.5546984,-1.4702498999999998,78.278,295.65,91.3,0.07,0.1,0.0,78.58,78.47,78.58,78.37999,1.300018,78.61,-0.04997993,0.05915999,0.0,6.0,3.0,1912.0,85.0,0.0,-0.1900024,0.0,14.4,6.75,1.0
140.0,38728.8,52.5547068,-1.4702787000000002,77.99,295.457,91.32,0.09,0.1,0.0,78.11,78.39999,78.28,78.15999000000001,0.8999939,78.29,-0.03978014,0.01937985,0.0,6.0,3.0,1891.0,85.0,0.0,0.04000854,0.0,14.4,6.75,1.0
140.0,38728.9,52.5547152,-1.4703076000000002,78.178,295.381,91.34,0.1,0.1,0.0,78.09,78.31,78.05,77.98,1.0,78.18,-0.04997993,0.009180069,0.0,6.0,3.0,1874.0,85.0,0.0,0.04000854,0.0,14.3,6.75,1.0
140.0,38729.0,52.5547236,-1.4703364,77.918,295.58,91.35,0.1,0.1,0.0,77.95,77.98,77.53,77.64,1.5,77.96,-0.04997993,0.009180069,0.0,6.0,3.0,1860.0,85.0,0.0,0.04000854,0.0,14.4,6.75,1.0
140.0,38729.1,52.5547319,-1.4703649,77.422,295.491,91.34,0.08,0.1,0.0,77.89,77.67999,77.86,77.75999,0.6000061,77.71,-0.03978014,0.009180069,0.0,6.0,3.0,1871.0,85.0,0.0,0.04000854,0.0,14.4,6.75,1.0
140.0,38729.2,52.5547402,-1.4703936999999998,77.717,295.2,91.35,0.09,0.1,0.0,77.81999,77.55,77.64,77.23999,0.0,77.7,-0.04997993,0.009180069,0.0,6.0,3.0,1863.0,85.0,0.0,0.04000854,0.0,14.4,6.75,1.0
140.0,38729.3,52.5547483,-1.4704222,77.033,295.118,91.36,0.08,0.1,0.0,77.51999,77.37999,77.31,77.14999,0.0,77.54,-0.04997993,0.009180069,0.0,6.0,3.0,1854.0,85.0,0.0,0.04000854,0.0,14.4,6.75,1.0
140.0,38729.4,52.5547564,-1.4704507,76.817,295.051,91.36,0.08,0.1,0.0,77.06999,77.33,77.16,77.06999,0.0,77.18,-0.04997993,-0.009180069,0.0,6.0,3.0,1849.0,85.0,0.0,0.04000854,0.0,14.4,6.75,1.0
140.0,38729.5,52.554764600000006,-1.4704792,76.928,295.007,91.38,0.1,0.1,0.0,76.98,77.05,76.94,76.7,0.2000122,77.03,-0.04997993,-0.009180069,0.0,6.0,3.0,1838.0,85.0,0.0,0.04000854,0.0,14.3,6.75,1.0
140.0,38729.6,52.5547728,-1.4705076,76.547,295.256,91.39,0.1,0.1,0.0,76.75999,76.73999,76.50999,76.5,0.8000183000000001,76.85,-0.04997993,-0.009180069,0.0,6.0,3.0,1832.0,85.0,0.0,0.04000854,0.0,14.4,6.75,1.0
140.0,38729.7,52.5547809,-1.4705358,76.392,295.31,91.39,0.09,0.1,0.0,76.67999,76.50999,76.41,76.48999,0.5,76.62,-0.03978014,0.0,0.0,6.0,3.0,1838.0,85.0,0.0,-0.1900024,0.0,14.3,6.75,1.5
140.0,38729.8,52.554789,-1.4705641,76.30199999999999,295.165,91.4,0.09,0.1,0.0,76.56,76.31,76.45,76.06999,0.0,76.46,-0.04997993,0.009180069,0.0,6.0,3.0,1845.0,85.0,0.0,0.04000854,0.0,14.4,6.75,1.5
140.0,38729.9,52.554797,-1.4705921999999998,75.899,295.012,91.41,0.1,0.1,0.0,76.33,76.19,76.17999,75.94,0.0,76.29,-0.04997993,0.0,0.0,6.0,3.0,1844.0,85.0,0.0,0.04000854,0.0,14.4,6.75,1.5
140.0,38730.0,52.554805,-1.4706203,75.715,295.036,91.41,0.09,0.1,0.0,75.89999,76.14,75.89,75.89999,0.3000183,76.02,-0.04997993,0.0,0.0,6.0,3.0,1854.0,85.0,0.0,0.04000854,0.0,14.4,6.75,1.5
140.0,38730.1,52.554813,-1.4706483,75.668,295.11,91.42,0.1,0.1,0.0,75.76999,75.73999,75.56999,75.59999,0.3999939,75.82,-0.04997993,0.0,0.0,6.0,3.0,1850.0,85.0,0.0,-0.1900024,0.0,14.4,6.75,1.5
140.0,38730.2,52.554821,-1.4706763,75.452,295.032,91.44,0.1,0.1,0.0,75.62,75.70999,75.41,75.26999,0.5,75.74,-0.04997993,0.009180069,0.0,6.0,3.0,1841.0,85.0,0.0,0.04000854,0.0,14.4,6.75,3.0
140.0,38730.3,52.554829,-1.4707042,75.24,295.039,91.43,0.09,0.1,0.0,75.62,75.48999,75.17,75.28,0.3000183,75.62,-0.04997993,0.0,0.0,6.0,3.0,1881.0,85.0,0.0,-0.1900024,0.0,14.4,6.75,5.0
140.0,38730.4,52.554836900000005,-1.4707319999999997,74.992,295.012,91.44,0.09,0.1,0.0,75.50999,75.23999,75.11,75.16,0.3000183,75.39,-0.03978014,0.009180069,0.0,6.0,3.0,1877.0,85.0,0.0,-0.1900024,0.0,14.3,6.75,6.5
140.0,38730.5,52.5548447,-1.4707598,74.822,294.874,91.45,0.1,0.1,0.0,75.20999,75.00999,75.20999,74.95,0.2000122,75.22,-0.02958012,0.0,0.0,6.0,3.0,1873.0,85.0,0.0,-0.1900024,0.0,14.3,6.75,7.0
140.0,38730.6,52.5548526,-1.4707875,74.682,294.8,91.47,0.11,0.1,0.0,75.12,74.89999,75.09999,74.75999,-0.6999816999999999,75.02,-0.02958012,-0.03978014,0.0,6.0,3.0,1856.0,85.0,0.0,0.04000854,0.0,14.4,6.75,7.0
140.0,38730.7,52.5548604,-1.4708153000000002,74.65,294.764,91.48,0.11,0.1,0.0,74.92999,74.89999,74.84,74.59,-2.100006,74.88,-0.01938009,-0.05915999,0.0,6.0,3.0,1861.0,85.0,0.0,0.04000854,0.0,14.4,6.75,7.0
140.0,38730.8,52.5548681,-1.470843,74.513,294.745,91.48,0.1,0.1,0.0,74.83,74.83,74.70999,74.39,-1.799988,74.83,-0.02958012,-0.06936002,0.0,6.0,3.0,1859.0,85.0,0.0,0.04000854,0.0,14.4,6.75,4.0
140.0,38730.9,52.5548761,-1.4708705000000002,74.354,295.172,91.5,0.11,0.1,0.0,74.66,74.51999,74.37,74.14999,-0.8999939,74.68,-0.03978014,-0.06936002,0.0,6.0,3.0,1850.0,85.0,0.0,0.04000854,0.0,14.4,6.75,4.0
140.0,38731.0,52.554884,-1.4708979,74.2,295.452,91.5,0.1,0.1,0.0,74.5,74.31999,74.25,74.01999,-0.6999816999999999,74.54,-0.02958012,-0.05915999,0.0,6.0,3.0,1850.0,85.0,0.0,0.04000854,0.0,14.4,6.75,4.0
140.0,38731.1,52.554892,-1.4709253000000002,74.131,295.593,91.51,0.11,0.1,0.0,74.53,74.14,74.23999,74.14999,-0.7999878,74.36,-0.03978014,-0.04997993,0.0,6.0,3.0,1839.0,85.0,0.0,0.04000854,0.0,14.4,6.75,4.0
140.0,38731.2,52.5549,-1.4709526000000002,73.904,295.585,91.52,0.11,0.1,0.0,74.42999,74.03,74.11,73.94,-0.8999939,74.26,-0.03978014,-0.02958012,0.0,6.0,3.0,1849.0,85.0,0.0,-0.1900024,0.0,14.4,6.75,4.0
140.0,38731.3,52.554908,-1.4709797,73.66,295.73400000000004,91.53,0.1,0.1,0.0,74.14,73.94,74.08,73.70999,-0.8999939,74.12,-0.03978014,-0.03978014,0.0,6.0,3.0,1834.0,85.0,0.0,-0.1900024,0.0,14.4,6.75,4.5
140.0,38731.4,52.554916000000006,-1.4710068,73.544,295.789,91.54,0.11,0.1,0.0,73.78,73.87999,73.78,73.64999,-0.7999878,73.83,-0.02958012,-0.02958012,0.0,6.0,3.0,1835.0,85.0,0.0,0.04000854,0.0,14.4,6.75,4.5
140.0,38731.5,52.554924,-1.4710338,73.415,295.923,91.56,0.12,0.1,0.0,73.66,73.81999,73.67999,73.51999,-0.3999939,73.67,-0.02958012,-0.02958012,0.0,6.0,3.0,1830.0,85.0,0.0,0.04000854,0.0,14.4,6.75,2.0
140.0,38731.6,52.554932,-1.4710608,73.332,295.92900000000003,91.57,0.12,0.1,0.0,73.56999,73.70999,73.48,73.31999,-0.3999939,73.53,-0.02958012,-0.01938009,0.0,6.0,3.0,1822.0,85.0,0.0,0.04000854,0.0,14.3,6.75,0.5
140.0,38731.7,52.5549401,-1.4710876999999998,73.17,296.075,91.59,0.13,0.1,0.0,73.45,73.39999,73.25,73.00999,-0.2999877999999999,73.5,-0.03978014,-0.02958012,0.0,6.0,3.0,1825.0,85.0,0.0,0.04000854,0.0,14.4,6.75,0.5
140.0,38731.8,52.5549481,-1.4711145,72.947,296.145,91.6,0.13,0.1,0.0,73.31,73.23999,73.03999,72.76999,-0.3999939,73.38,-0.03978014,-0.03978014,0.0,6.0,3.0,1810.0,85.0,0.0,-0.1900024,0.0,14.3,6.75,0.5
140.0,38731.9,52.554956100000005,-1.4711412,72.727,296.277,91.61,0.13,0.1,0.0,73.03999,72.86,72.81,72.8,-0.1000061,73.08,-0.03978014,-0.02958012,0.0,6.0,3.0,1795.0,85.0,0.0,0.04000854,0.0,14.4,6.75,0.5
140.0,38732.0,52.5549642,-1.4711679,72.706,296.327,91.63,0.14,0.1,0.0,72.97,72.7,72.76999,72.78999,-0.1999817,72.9,-0.03978014,-0.009180069,0.0,6.0,3.0,1809.0,85.0,0.0,-0.1900024,0.0,14.3,6.75,0.5
140.0,38732.1,52.5549722,-1.4711945,72.598,296.29,91.65,0.14,0.1,0.0,72.89,72.56999,72.59999,72.62,-0.1999817,72.68999000000001,-0.03978014,0.0,0.0,6.0,3.0,1801.0,85.0,0.0,-0.1900024,0.0,14.4,6.75,3.0
140.0,38732.2,52.5549802,-1.471221,72.274,296.339,91.65,0.13,0.1,0.0,72.69,72.42,72.62,72.23,-0.2999877999999999,72.62,-0.03978014,-0.009180069,0.0,6.0,3.0,1800.0,85.0,0.0,0.04000854,0.0,14.4,6.75,3.0
140.0,38732.3,52.5549882,-1.4712473999999998,72.007,296.325,91.67,0.14,0.1,0.0,72.45,72.23999,72.45,72.09,-0.2999877999999999,72.46,-0.03978014,-0.009180069,0.0,6.0,3.0,1792.0,85.0,0.0,0.04000854,0.0,14.4,6.75,3.0
140.0,38732.4,52.5549962,-1.4712738,71.95,296.336,91.68,0.14,0.1,0.0,72.09999,72.22,72.17,72.05,0.2000122,72.21,-0.03978014,0.0,0.0,6.0,3.0,1790.0,85.0,0.0,0.04000854,0.0,14.3,6.75,3.0
140.0,38732.5,52.5550042,-1.4713001,71.874,296.433,91.7,0.14,0.1,0.0,71.87999,72.23,71.97,71.95999,1.0,72.02,-0.03978014,0.01937985,0.0,6.0,3.0,1787.0,85.0,0.0,0.04000854,0.0,14.4,6.75,4.0
140.0,38732.6,52.5550121,-1.4713264,71.68,296.451,91.72,0.15,0.1,0.0,71.75,72.12999,71.66,71.75,1.200012,71.89,-0.03978014,0.0397799,0.0,6.0,3.0,1780.0,85.0,0.0,0.04000854,0.0,14.3,6.75,4.5
140.0,38732.7,52.55502,-1.4713526,71.377,296.249,91.73,0.15,0.1,0.0,71.67,71.87999,71.61,71.51999,1.200012,71.72,-0.03978014,0.02957988,0.0,6.0,3.0,1779.0,85.0,0.0,0.04000854,0.0,14.4,6.75,9.0
140.0,38732.8,52.5550279,-1.4713788,71.366,296.153,91.75,0.16,0.1,0.0,71.45,71.67,71.3,71.33,1.200012,71.61,-0.03978014,0.02957988,0.0,6.0,3.0,1788.0,85.0,0.0,-0.1900024,0.0,14.3,6.75,14.5
140.0,38732.9,52.5550357,-1.4714048999999998,71.1,296.09,91.76,0.15,0.1,0.0,71.39,71.48999,71.16,71.16,1.600006,71.5,-0.02958012,0.0397799,0.0,6.0,3.0,1833.0,85.0,0.0,-0.1900024,0.0,14.3,6.75,16.5
140.0,38733.0,52.5550435,-1.4714311,71.20100000000001,296.017,91.78,0.16,0.1,0.0,71.23,71.31,71.01999,71.12999,1.800018,71.34,-0.009180069,0.0397799,0.0,6.0,3.0,1865.0,85.0,0.0,-0.1900024,0.0,14.4,6.75,16.5
140.0,38733.1,52.5550512,-1.4714573,71.075,295.836,91.78,0.15,0.1,0.0,71.44,71.39,71.03,71.12999,1.700012,71.35,-0.01938009,0.04997993,0.0,6.0,3.0,1879.0,85.0,0.0,-0.1900024,0.0,14.4,6.75,16.5
140.0,38733.2,52.5550589,-1.4714834,70.92399999999999,295.827,91.78,0.14,0.1,0.0,71.45,71.37999,70.91,71.09999,1.399994,71.46,-0.01938009,0.05915999,0.0,6.0,3.0,1893.0,85.0,0.0,0.04000854,0.0,14.4,6.75,16.5
140.0,38733.3,52.5550664,-1.4715095,70.56,295.402,91.79,0.13,0.1,0.0,71.31,71.20999,70.95,71.12999,1.100006,71.24,-0.01938009,0.05915999,0.0,6.0,3.0,1919.0,85.0,0.0,0.04000854,0.0,14.4,6.75,18.5
140.0,38733.4,52.5550739,-1.4715357,70.46300000000001,295.005,91.81,0.14,0.1,0.0,71.06,70.98,71.06,71.00999,1.300018,71.11,0.0,0.05915999,0.0,6.0,3.0,1896.0,85.0,0.0,0.04000854,0.0,14.2,6.75,20.5
140.0,38733.5,52.5550813,-1.4715619000000002,70.628,294.897,91.84,0.17,0.1,0.0,70.92,70.81999,71.11,70.87,1.800018,70.96,0.0,0.0397799,0.0,6.0,3.0,1906.0,85.0,0.0,0.04000854,0.0,14.2,6.75,21.0
140.0,38733.6,52.55508869999999,-1.4715882,70.643,294.772,91.87,0.18,0.1,0.0,70.75999,70.95999,70.98,70.8,1.800018,70.89,0.0,0.02957988,0.0,6.0,3.0,1969.0,85.0,0.0,0.04000854,0.0,14.3,6.75,21.0
140.0,38733.7,52.5550961,-1.4716144,70.661,294.886,91.88,0.17,0.1,0.0,70.89999,71.19,70.81999,70.7,1.5,70.93,0.0,0.009180069,0.0,6.0,3.0,2019.0,85.0,0.0,-0.1900024,0.0,14.3,6.75,21.5
140.0,38733.8,52.5551035,-1.4716407000000002,70.574,294.61400000000003,91.89,0.16,0.1,0.0,70.98999,71.19,70.75,70.78999,0.3999939,71.0,0.009180069,-0.009180069,0.0,6.0,3.0,2035.0,85.0,0.0,-0.1900024,0.0,14.4,6.75,21.5
140.0,38733.9,52.5551108,-1.4716669999999998,70.783,294.685,91.89,0.15,0.1,0.0,71.16,71.14999,70.72,70.73,0.2000122,71.04,0.0,-0.01938009,0.0,6.0,3.0,2009.0,85.0,0.0,0.04000854,0.0,14.4,6.75,21.5
140.0,38734.0,52.5551182,-1.4716932,70.39399999999999,294.611,91.91,0.15,0.1,0.0,71.12999,71.12999,70.87999,70.78,0.0,71.06,0.009180069,-0.009180069,0.0,6.0,3.0,1970.0,85.0,0.0,0.04000854,0.0,14.4,6.75,22.5
140.0,38734.1,52.5551255,-1.4717194999999998,70.686,294.687,91.91,0.14,0.1,0.0,71.17,70.95,70.92,70.67,-0.5,71.17,0.009180069,-0.01938009,0.0,6.0,3.0,1939.0,85.0,0.0,0.04000854,0.0,14.3,6.75,25.0
140.0,38734.2,52.55513270000001,-1.4717458,70.477,294.14,91.95,0.17,0.1,0.0,71.20999,70.98999,70.98999,70.78,-0.7999878,71.18999000000001,0.01937985,-0.04997993,0.0,6.0,3.0,1937.0,85.0,0.0,0.04000854,0.0,14.3,6.75,25.0
140.0,38734.3,52.5551401,-1.4717721,70.639,294.55400000000003,91.96,0.17,0.1,0.0,71.31,71.01999,71.00999,70.84,-0.8999939,71.23,0.01937985,-0.06936002,0.0,5.0,3.0,1989.0,85.0,0.0,-0.1900024,0.0,14.3,6.75,25.5
140.0,38734.4,52.5551475,-1.4717984000000002,70.747,294.815,91.97,0.17,0.1,0.0,71.34,71.06999,71.06,70.78999,-1.199982,71.22,0.01937985,-0.07956004,0.0,5.0,3.0,2055.0,85.0,0.0,0.04000854,0.0,14.2,6.75,27.0
140.0,38734.5,52.555155,-1.4718246999999998,70.906,294.963,91.99,0.16,0.1,0.0,71.5,71.20999,71.12999,70.94,-1.5,71.3,0.01937985,-0.06936002,0.0,5.0,3.0,2116.0,85.0,0.0,0.04000854,0.0,14.3,6.75,29.0
140.0,38734.6,52.5551625,-1.471851,70.783,295.096,92.0,0.16,0.1,0.0,71.59999,71.28,71.22,71.08,-1.5,71.32,0.01937985,-0.05915999,0.0,5.0,3.0,2135.0,85.0,0.0,0.04000854,0.0,14.4,6.75,31.0
140.0,38734.7,52.55517,-1.4718772,70.88,295.09,92.02,0.16,0.1,0.0,71.56999,71.25,71.58,71.03,-2.0,71.43,0.02957988,-0.06936002,0.0,5.0,3.0,2186.0,85.0,0.0,0.04000854,0.0,14.3,6.75,31.5
140.0,38734.8,52.55517759999999,-1.4719035,71.046,295.322,92.02,0.15,0.1,0.0,71.83,71.42,71.70999,71.2,-2.299988,71.66,0.02957988,-0.07956004,0.0,5.0,3.0,2222.0,85.0,0.0,0.04000854,0.0,14.3,6.75,31.5
140.0,38734.9,52.5551852,-1.4719298,71.042,295.427,92.04,0.16,0.1,0.0,71.89999,71.69,71.70999,71.17,-1.699982,71.72,0.0397799,-0.04997993,0.0,5.0,3.0,2190.0,85.0,0.0,-0.1900024,0.0,14.4,6.75,32.0
140.0,38735.0,52.5551929,-1.4719559999999998,71.075,295.516,92.06,0.17,0.1,0.0,71.95,71.86,72.08,71.47,-2.199982,71.74,0.05915999,-0.09996009,0.0,5.0,3.0,2226.0,85.0,0.0,0.04000854,0.0,14.3,6.75,32.0
140.0,38735.1,52.5552006,-1.4719825,71.47800000000001,295.548,92.06,0.15,0.1,0.0,72.05,72.06,72.12999,71.91,-2.299988,71.96,0.05915999,-0.1091398999999999,0.0,5.0,3.0,2197.0,85.0,0.0,0.04000854,0.0,14.3,6.75,32.0
140.0,38735.2,52.5552086,-1.4720088,71.91,296.301,92.09,0.17,0.1,0.0,72.39999,72.39999,71.92,71.19,-1.199982,72.35,0.02957988,-0.09996009,0.0,5.0,3.0,2216.0,85.0,0.0,0.04000854,0.0,14.4,6.75,32.0
140.0,38735.3,52.5552166,-1.4720350000000002,71.5,296.704,92.09,0.15,0.1,0.0,72.51999,72.56,72.03999,71.70999,-0.7999878,72.62,0.0397799,-0.03978014,0.0,5.0,3.0,2231.0,85.0,0.0,0.04000854,0.0,14.3,6.75,34.5
140.0,38735.4,52.5552246,-1.4720612,71.561,296.474,92.11,0.16,0.1,0.0,72.59999,72.41,72.34999,72.14999,-0.7999878,72.57,0.06936002,-0.01938009,0.0,5.0,3.0,2227.0,85.0,0.0,0.04000854,0.0,14.4,6.75,34.5
140.0,38735.5,52.5552326,-1.4720877,72.158,296.331,92.16,0.19,0.1,0.0,72.69,72.45,72.69,72.37999,-1.0,72.62,0.06936002,-0.04997993,0.0,5.0,3.0,2224.0,85.0,0.0,0.04000854,0.0,14.4,6.75,34.5
140.0,38735.6,52.555240700000006,-1.4721142,72.457,296.561,92.19,0.21,0.1,0.0,73.05,72.84999,72.75,72.55,-0.5,72.77,0.05915999,-0.04997993,0.0,5.0,3.0,2230.0,85.0,0.0,-0.1900024,0.0,14.4,6.75,34.5
140.0,38735.7,52.5552489,-1.4721407999999998,72.58,296.847,92.2,0.2,0.1,0.0,73.23,73.14999,72.84,72.61,-0.1000061,73.03,0.04997993,-0.04997993,0.0,5.0,3.0,2249.0,85.0,0.0,0.04000854,0.0,14.4,6.75,34.5
140.0,38735.8,52.5552571,-1.4721672,72.486,296.994,92.21,0.18,0.1,0.0,73.34,73.22,73.06,72.95,0.0,73.32,0.04997993,-0.009180069,0.0,5.0,3.0,2265.0,85.0,0.0,0.04000854,0.0,14.3,6.75,34.5
140.0,38735.9,52.5552653,-1.4721936999999998,72.65899999999999,296.887,92.23,0.19,0.1,0.0,73.37,73.45999,73.41,73.14,0.6000061,73.46,0.05915999,0.02957988,0.0,5.0,3.0,2271.0,85.0,0.0,0.04000854,0.0,14.3,6.75,34.5
140.0,38736.0,52.5552736,-1.4722204,72.925,296.817,92.25,0.2,0.1,0.0,73.53,73.81,73.42,73.45,1.5,73.57,0.05915999,0.05915999,0.0,5.0,3.0,2261.0,85.0,0.0,0.04000854,0.0,14.3,6.75,30.0
140.0,38736.1,52.5552818,-1.4722471,73.12,296.692,92.28,0.2,0.1,0.0,73.64999,74.12,73.53,73.69,2.899994,73.67,0.05915999,0.08976007,0.0,5.0,3.0,2261.0,85.0,0.0,0.04000854,0.0,14.4,6.75,26.0
140.0,38736.2,52.555289900000005,-1.472274,73.354,296.516,92.31,0.21,0.1,0.0,73.73,74.17,73.59999,73.86,3.800018,73.9,0.04997993,0.09995985,0.0,5.0,3.0,2265.0,85.0,0.0,0.04000854,0.0,14.4,6.75,25.5
140.0,38736.3,52.5552981,-1.472301,73.418,296.324,92.33,0.21,0.1,0.0,73.87999,74.08,73.62,73.84,3.300018,73.99,0.0397799,0.09995985,0.0,5.0,3.0,2305.0,85.0,0.0,0.04000854,0.0,14.4,6.75,25.5
140.0,38736.4,52.5553061,-1.4723281,73.602,295.894,92.34,0.21,0.1,0.0,74.2,74.12,73.66,73.75,1.899994,74.08,0.0397799,0.05915999,0.0,5.0,3.0,2369.0,86.0,0.0,-0.1900024,0.0,14.4,6.75,25.5
140.0,38736.5,52.555314,-1.4723553,73.52600000000001,295.47900000000004,92.37,0.21,0.1,0.0,74.36,74.23,73.84,73.89999,0.8000183000000001,74.2,0.04997993,0.01937985,0.0,5.0,3.0,2309.0,86.0,0.0,0.04000854,0.0,14.4,6.75,25.5
140.0,38736.6,52.5553218,-1.4723826,73.721,295.192,92.39,0.21,0.1,0.0,74.39999,74.3,74.26999,74.14999,0.1000061,74.37,0.04997993,0.0,0.0,5.0,3.0,2281.0,86.0,0.0,0.04000854,0.0,14.3,6.75,25.5
140.0,38736.7,52.55532960000001,-1.47241,73.825,295.14,92.41,0.22,0.1,0.0,74.51999,74.36,74.45999,74.26999,0.0,74.42,0.04997993,-0.02958012,0.0,5.0,3.0,2300.0,85.0,0.0,0.04000854,0.0,14.3,6.75,25.5
140.0,38736.8,52.5553375,-1.4724374,74.077,295.165,92.44,0.22,0.1,0.0,74.55,74.75999,74.31,74.23,0.0,74.5,0.0397799,-0.02958012,0.0,5.0,3.0,2286.0,86.0,0.0,0.04000854,0.0,14.4,6.75,25.5
140.0,38736.9,52.5553455,-1.4724649,74.17399999999999,295.35,92.45,0.22,0.1,0.0,74.69,74.91,74.53,74.39,0.2000122,74.61,0.0397799,-0.02958012,0.0,5.0,3.0,2294.0,86.0,0.0,-0.1900024,0.0,14.4,6.75,25.5
140.0,38737.0,52.5553534,-1.4724923,74.268,295.373,92.48,0.22,0.1,0.0,74.86,74.81,74.64,74.51999,0.0,74.93,0.0397799,-0.02958012,0.0,5.0,3.0,2300.0,86.0,0.0,-0.1900024,0.0,14.4,6.75,24.5
140.0,38737.1,52.5553614,-1.4725198999999998,74.437,295.368,92.49,0.21,0.1,0.0,75.14999,74.89,74.59,74.53999,0.0,74.99,0.0397799,-0.009180069,0.0,5.0,3.0,2305.0,86.0,0.0,0.04000854,0.0,14.4,6.75,22.5
140.0,38737.2,52.5553693,-1.4725473,74.29,295.338,92.52,0.22,0.1,0.0,75.12999,75.01999,74.73999,74.67,0.0,75.0,0.0397799,-0.009180069,0.0,5.0,3.0,2295.0,86.0,0.0,0.04000854,0.0,14.4,6.75,22.5
140.0,38737.3,52.5553773,-1.472575,74.646,295.261,92.53,0.21,0.1,0.0,75.16,75.00999,74.95999,74.92999,0.0,75.14,0.02957988,0.0,0.0,5.0,3.0,2310.0,86.0,0.0,0.04000854,0.0,14.4,6.75,22.5
140.0,38737.4,52.5553852,-1.4726027,74.7,295.145,92.55,0.2,0.1,0.0,75.12999,75.09999,75.06999,75.0,0.0,75.18,0.02957988,-0.01938009,0.0,5.0,3.0,2328.0,86.0,0.0,0.04000854,0.0,14.4,6.75,22.5
140.0,38737.5,52.5553931,-1.4726303,74.632,295.24,92.58,0.22,0.1,0.0,75.19,75.44,75.16,74.89,0.0,75.23,0.01937985,-0.02958012,0.0,5.0,3.0,2346.0,86.0,0.0,0.04000854,0.0,14.4,6.75,22.5
140.0,38737.6,52.555401100000005,-1.472658,74.866,295.328,92.59,0.21,0.1,0.0,75.23999,75.53,75.23999,74.92,0.1000061,75.25999,0.02957988,-0.02958012,0.0,5.0,3.0,2338.0,86.0,0.0,0.04000854,0.0,14.4,6.75,24.5
140.0,38737.7,52.5554093,-1.4726858,75.146,295.51,92.62,0.22,0.1,0.0,75.45,75.51999,75.26999,75.05,0.0,75.4,0.02957988,-0.04997993,0.0,5.0,3.0,2315.0,86.0,0.0,0.04000854,0.0,14.4,6.75,30.5
140.0,38737.8,52.5554172,-1.4727136,75.096,295.153,92.68,0.26,0.1,0.0,75.7,75.53,75.37999,75.19,-0.5,75.61,0.02957988,-0.04997993,0.0,5.0,3.0,2321.0,86.0,0.0,-0.1900024,0.0,14.4,6.75,33.5
140.0,38737.9,52.5554254,-1.4727413,75.006,295.762,92.69,0.24,0.1,0.0,75.72,75.47,75.36,75.28,-0.5,75.66,0.0397799,-0.04997993,0.0,5.0,3.0,2302.0,86.0,0.0,0.04000854,0.0,14.3,6.75,35.0
140.0,38738.0,52.5554333,-1.4727691,75.12100000000001,295.016,92.69,0.22,0.1,0.0,75.92,75.73,75.51999,75.28,-0.1999817,75.7,0.0397799,-0.03978014,0.0,5.0,3.0,2339.0,86.0,0.0,0.04000854,0.0,14.3,6.75,41.0
140.0,38738.1,52.5554414,-1.472797,75.395,295.553,92.74,0.25,0.1,0.0,75.94,75.81999,75.73999,75.56999,-0.2999877999999999,75.9,0.0397799,-0.03978014,0.0,5.0,3.0,2325.0,86.0,0.0,-0.1900024,0.0,14.3,6.75,43.5
140.0,38738.2,52.5554496,-1.4728248999999998,75.517,295.589,92.74,0.23,0.1,0.0,76.11,76.20999,76.01999,75.75,-0.2999877999999999,76.14,0.0397799,-0.03978014,0.0,5.0,3.0,2345.0,86.0,0.0,-0.1900024,0.0,14.3,6.75,48.0
140.0,38738.3,52.555457700000005,-1.4728527,75.388,295.60900000000004,92.76,0.22,0.1,0.0,76.23999,76.45999,76.12,75.81,-0.1999817,76.15,0.05915999,-0.02958012,0.0,4.0,3.0,2361.0,86.0,0.0,0.04000854,0.0,14.3,6.75,49.5
140.0,38738.4,52.5554659,-1.4728807000000002,75.827,295.522,92.78,0.23,0.1,0.0,76.41,76.47,76.26999,76.12,-0.1999817,76.39,0.04997993,-0.02958012,0.0,4.0,3.0,2458.0,86.0,0.0,0.04000854,0.0,14.3,6.75,50.5
140.0,38738.5,52.5554741,-1.4729088,76.01,295.658,92.78,0.2,0.1,0.0,76.67,76.53999,76.31999,76.22,0.2000122,76.56,0.04997993,-0.02958012,0.0,4.0,3.0,2545.0,86.0,0.0,0.04000854,0.0,14.3,6.75,52.5
140.0,38738.6,52.5554823,-1.4729367999999998,76.054,295.832,92.79,0.19,0.1,0.0,76.84999,76.62,76.41,76.33,0.1000061,76.71,0.0397799,-0.01938009,0.0,4.0,3.0,2668.0,86.0,0.0,-0.1900024,0.0,14.4,6.75,53.5
140.0,38738.7,52.5554906,-1.4729648,75.98899999999999,295.723,92.82,0.2,0.1,0.0,76.89,76.75999,76.5,76.37999,0.3000183,76.8,0.0397799,-0.009180069,0.0,4.0,3.0,2823.0,86.0,0.0,-0.1900024,0.0,14.4,6.75,54.5
140.0,38738.8,52.5554988,-1.4729931,76.399,295.363,92.84,0.21,0.1,0.0,76.98,76.97,76.89,76.81999,0.3000183,76.93999000000001,0.0397799,-0.009180069,0.0,4.0,3.0,2913.0,86.0,0.0,0.04000854,0.0,14.3,6.75,56.0
140.0,38738.9,52.5555071,-1.4730213,76.396,295.746,92.86,0.21,0.1,0.0,77.05,77.31999,76.94,76.75999,0.3000183,77.04,0.04997993,-0.01938009,0.0,4.0,3.0,2999.0,86.0,0.0,0.04000854,0.0,14.4,6.75,56.5
140.0,38739.0,52.5555153,-1.4730495,76.54,295.651,92.88,0.21,0.1,0.0,77.22,77.31999,76.97,76.95999,0.3000183,77.16,0.04997993,-0.009180069,0.0,4.0,3.0,3076.0,86.0,0.0,0.04000854,0.0,14.3,6.75,56.5
140.0,38739.1,52.55552350000001,-1.4730778,76.529,295.384,92.88,0.19,0.1,0.0,77.61,77.31999,77.23999,77.09999,0.3000183,77.36,0.04997993,-0.01938009,0.0,4.0,3.0,3139.0,86.0,0.0,0.04000854,0.0,14.3,6.75,56.5
140.0,38739.2,52.5555319,-1.4731063000000002,77.148,295.59,92.94,0.23,0.1,0.0,77.86,77.50999,77.09999,77.2,0.1000061,77.58,0.05915999,-0.01938009,0.0,4.0,3.0,3141.0,86.0,0.0,0.04000854,0.0,14.3,6.75,56.5
140.0,38739.3,52.5555402,-1.4731348,77.152,295.613,92.94,0.2,0.1,0.0,77.97,77.78999,77.5,77.3,-0.1999817,77.83,0.06936002,-0.02958012,0.0,4.0,3.0,3144.0,86.0,0.0,0.04000854,0.0,14.3,6.75,56.5
140.0,38739.4,52.5555485,-1.4731634,77.23100000000001,295.518,92.97,0.21,0.1,0.0,78.09999,78.17,77.98,77.89,-0.1000061,78.11,0.07956004,-0.03978014,0.0,4.0,3.0,3177.0,86.0,0.0,-0.1900024,0.0,14.4,6.75,56.5
140.0,38739.5,52.555556900000006,-1.473192,77.45,295.555,93.01,0.23,0.1,0.0,78.39,78.62999,78.37999,78.03,-0.1999817,78.4,0.09995985,-0.02958012,0.0,4.0,3.0,3182.0,86.0,0.0,0.04000854,0.0,14.4,6.75,56.5
140.0,38739.6,52.5555652,-1.4732207,77.774,295.491,93.03,0.23,0.1,0.0,78.75999,78.83,78.47,78.37999,-0.1999817,78.81,0.09995985,-0.02958012,0.0,4.0,3.0,3181.0,86.0,0.0,0.04000854,0.0,14.4,6.75,56.5
140.0,38739.7,52.5555737,-1.4732496,78.271,295.638,93.04,0.23,0.1,0.0,79.14,78.95,78.81999,78.73,-0.1000061,79.00999,0.09995985,-0.03978014,0.0,4.0,3.0,3192.0,86.0,0.0,0.04000854,0.0,14.3,6.75,56.5
140.0,38739.8,52.5555821,-1.4732786,78.372,295.623,93.06,0.23,0.1,0.0,79.44,79.34,79.05,78.84999,-0.1999817,79.34,0.09995985,-0.02958012,0.0,4.0,3.0,3216.0,86.0,0.0,0.04000854,0.0,14.3,6.75,56.5
140.0,38739.9,52.5555906,-1.4733077,78.775,295.594,93.09,0.23,0.1,0.0,79.64,79.7,79.53,79.31999,-0.1999817,79.64,0.09995985,-0.03978014,0.0,4.0,3.0,3212.0,86.0,0.0,0.04000854,0.0,14.3,6.75,56.0
140.0,38740.0,52.5555992,-1.4733369,79.214,295.80400000000003,93.09,0.22,0.1,0.0,80.0,80.20999,79.84,79.56999,-0.3999939,79.96,0.09995985,-0.03978014,0.0,4.0,3.0,3256.0,85.0,0.0,0.04000854,0.0,14.4,6.75,56.0
140.0,38740.1,52.5556079,-1.4733662,79.477,295.842,93.11,0.22,0.1,0.0,80.39,80.33,80.05,79.81999,-0.3999939,80.31,0.08976007,-0.03978014,0.0,4.0,3.0,3267.0,85.0,0.0,0.04000854,0.0,14.3,6.75,55.5
140.0,38740.2,52.5556166,-1.4733955,79.61399999999999,295.85400000000004,93.12,0.21,0.1,0.0,80.78,80.45999,80.26999,80.19,-1.100006,80.57,0.08976007,-0.07956004,0.0,4.0,3.0,3254.0,86.0,0.0,-0.1900024,0.0,14.3,6.75,53.0
140.0,38740.3,52.5556254,-1.4734249,80.014,296.033,93.15,0.22,0.1,0.0,80.94,80.78999,80.58,80.28,-1.399994,80.85,0.08976007,-0.06936002,0.0,4.0,3.0,3291.0,85.0,0.0,0.04000854,0.0,14.3,6.75,50.5
140.0,38740.4,52.555634100000006,-1.4734545,80.255,295.939,93.18,0.23,0.1,0.0,81.25999,81.37,81.28999,80.84999,-1.899994,81.14,0.09995985,-0.06936002,0.0,4.0,3.0,3275.0,85.0,0.0,0.04000854,0.0,14.3,6.75,45.5
139.0,38740.5,52.555643,-1.4734842,80.665,296.014,93.2,0.22,0.1,0.0,81.61,81.59999,81.23999,80.94,-1.699982,81.53,0.09995985,-0.08976007,0.0,4.0,3.0,3296.0,85.0,0.0,0.04000854,0.0,14.3,6.75,42.0
139.0,38740.6,52.555652,-1.4735139,80.932,296.337,93.22,0.22,0.1,0.0,82.00999,81.81,81.69,81.44,-1.100006,81.86,0.08976007,-0.07956004,0.0,4.0,3.0,3305.0,85.0,0.0,-0.4299926999999999,0.0,14.3,6.75,39.5
139.0,38740.7,52.5556612,-1.4735436,81.158,296.819,93.22,0.2,0.1,0.0,82.20999,82.06,81.78,81.53999,-1.0,82.11,0.08976007,-0.06936002,0.0,5.0,3.0,3321.0,85.0,0.0,0.04000854,0.0,14.3,6.75,31.0
139.0,38740.8,52.5556703,-1.4735735,81.637,296.611,93.23,0.2,0.1,0.0,82.23999,82.36,82.22,81.90999000000001,-0.7999878,82.28,0.07956004,-0.03978014,0.0,5.0,3.0,3330.0,85.0,0.0,0.04000854,0.0,14.3,6.75,21.0
139.0,38740.9,52.5556795,-1.4736034000000002,81.846,296.639,93.27,0.21,0.1,0.0,82.37999,82.5,82.34999,82.15999000000001,-0.2999877999999999,82.34,0.06936002,-0.02958012,0.0,5.0,3.0,3303.0,85.0,0.0,-0.1900024,0.0,14.4,6.75,15.0
139.0,38741.0,52.5556889,-1.4736334000000002,82.134,297.04,93.28,0.2,0.1,0.0,82.56,82.42999,82.39999,82.15999000000001,0.1000061,82.43,0.02957988,-0.01938009,0.0,5.0,3.0,3344.0,85.0,0.0,0.04000854,0.0,14.3,6.75,14.5
139.0,38741.1,52.55569820000001,-1.4736634,82.163,296.996,93.29,0.18,0.1,0.0,82.51999,82.39999,82.05,82.06999,0.3000183,82.47,0.0,-0.009180069,0.0,5.0,3.0,3361.0,85.0,0.0,0.04000854,0.0,14.4,6.75,14.5
139.0,38741.2,52.5557075,-1.4736932,81.943,297.137,93.28,0.15,0.1,0.0,82.39999,82.44,82.28999,82.03999,0.1000061,82.39,0.0,0.0,0.0,5.0,3.0,3400.0,85.0,0.0,0.04000854,0.0,14.4,6.75,13.0
139.0,38741.3,52.555717,-1.473723,81.882,297.312,93.25,0.12,0.1,0.0,82.34,82.40999000000001,82.20999,82.2,0.1000061,82.36,0.0,0.0,0.0,5.0,3.0,3394.0,85.0,0.0,0.04000854,0.0,14.4,6.75,5.5
139.0,38741.4,52.5557262,-1.4737528,81.86,296.987,93.27,0.12,0.1,0.0,82.23,82.14,82.2,82.05,0.2000122,82.24,-0.009180069,0.0,0.0,5.0,3.0,3389.0,85.0,0.0,0.04000854,0.0,14.4,6.75,0.0
139.0,38741.5,52.5557355,-1.4737828,81.95,296.851,93.28,0.12,0.1,0.0,82.12,81.92,81.84999,81.84999,0.1000061,82.07,-0.01938009,0.0,0.0,5.0,3.0,3392.0,85.0,0.0,0.04000854,0.0,14.4,6.75,0.0
139.0,38741.6,52.5557447,-1.4738126,81.634,296.928,93.29,0.11,0.1,0.0,81.94,81.94,81.83,81.55,0.1000061,81.95,-0.02958012,0.0,0.0,5.0,3.0,3367.0,85.0,0.0,0.04000854,0.0,14.4,6.75,0.0
139.0,38741.7,52.5557539,-1.4738424,81.57600000000001,296.836,93.29,0.1,0.1,0.0,81.81,82.06,81.78999,81.62,0.1000061,81.79,-0.03978014,-0.009180069,0.0,5.0,3.0,3277.0,85.0,0.0,-0.1900024,0.0,14.4,6.75,0.0
139.0,38741.8,52.555763,-1.4738721,81.421,296.748,93.3,0.11,0.1,0.0,81.75,81.73999,81.61,81.42,0.3999939,81.77,-0.02958012,0.0,0.0,5.0,3.0,3144.0,85.0,0.0,0.04000854,0.0,14.4,6.75,0.0
139.0,38741.9,52.555772100000006,-1.4739019000000002,81.317,296.61400000000003,93.33,0.12,0.1,0.0,81.76999,81.53999,81.44,81.45,0.2000122,81.66,-0.01938009,0.0,0.0,5.0,3.0,2936.0,85.0,0.0,0.04000854,0.0,14.4,6.75,0.0
139.0,38742.0,52.5557812,-1.4739317,81.252,296.599,93.34,0.12,0.1,0.0,81.59999,81.45,81.37,81.12999,0.1000061,81.57,-0.009180069,-0.009180069,0.0,5.0,3.0,2770.0,85.0,0.0,0.04000854,0.0,14.3,6.75,0.0
139.0,38742.1,52.5557903,-1.4739613,81.112,296.7,93.35,0.11,0.1,0.0,81.34999,81.62999,81.44,81.23999,0.2000122,81.38,-0.01938009,-0.01938009,0.0,5.0,3.0,2600.0,85.0,0.0,0.7599792,1.0,14.4,6.75,0.0
139.0,38742.2,52.5557994,-1.473991,81.036,296.717,93.36,0.11,0.1,0.0,81.25,81.39,81.11,81.09999,0.3000183,81.38,-0.03978014,0.0,0.0,5.0,3.0,2475.0,85.0,0.0,2.419983,1.0,14.4,6.75,0.0
139.0,38742.3,52.5558084,-1.4740206,80.885,296.652,93.38,0.12,0.1,0.0,81.3,81.01999,81.00999,80.87,0.3000183,81.16,-0.04997993,0.009180069,0.0,5.0,3.0,2397.0,85.0,0.0,2.6600040000000003,1.0,14.3,6.75,0.0
139.0,38742.4,52.5558173,-1.4740501,80.546,296.284,93.39,0.13,0.1,0.0,80.75,80.55,80.72,80.62,0.1000061,80.81,-0.04997993,0.0,0.0,5.0,3.0,2351.0,85.0,0.0,2.419983,1.0,14.3,6.75,0.0
139.0,38742.5,52.5558264,-1.4740797,80.723,296.649,93.41,0.13,0.1,0.0,80.42,80.56999,80.59999,80.33,0.3000183,80.52,-0.06936002,0.0,0.0,5.0,3.0,2326.0,85.0,0.0,2.179993,1.0,14.4,6.75,0.0
139.0,38742.6,52.5558353,-1.4741091,80.222,296.507,93.42,0.12,0.1,0.0,80.20999,80.31999,80.23,80.15999000000001,0.6000061,80.3,-0.07956004,0.0,0.0,5.0,3.0,2342.0,85.0,0.0,2.419983,1.0,14.4,6.75,0.0
139.0,38742.7,52.5558441,-1.4741383,79.744,296.433,93.44,0.13,0.1,0.0,80.12999,79.98,79.83,79.75,0.3999939,80.07,-0.07956004,0.0,0.0,5.0,3.0,2375.0,85.0,0.0,2.6600040000000003,1.0,14.4,6.75,0.0
139.0,38742.8,52.555853,-1.4741673999999998,79.54899999999999,296.428,93.43,0.11,0.1,0.0,79.72,79.55,79.51999,79.62,0.3000183,79.7,-0.07956004,0.0,0.0,5.0,3.0,2397.0,85.0,0.0,1.940002,1.0,14.4,6.75,0.0
139.0,38742.9,52.5558617,-1.4741966,79.54899999999999,296.295,93.45,0.13,0.1,0.0,79.48,79.33,79.23999,79.12999,0.3000183,79.5,-0.06936002,0.0,0.0,5.0,3.0,2410.0,85.0,0.0,-0.1900024,1.0,14.4,6.75,0.0
139.0,38743.0,52.5558705,-1.4742257,79.081,296.279,93.45,0.11,0.1,0.0,79.14,79.39,79.20999,78.95999,0.3000183,79.25,-0.06936002,0.0,0.0,5.0,3.0,2418.0,85.0,0.0,0.2799988,1.0,14.4,6.75,0.0
139.0,38743.1,52.5558792,-1.4742546,78.73899999999999,296.271,93.46,0.11,0.1,0.0,78.90999000000001,79.06,78.87999,78.81,0.5,79.06,-0.06936002,0.0,0.0,5.0,3.0,2415.0,85.0,0.0,0.519989,1.0,14.4,6.75,0.0
139.0,38743.2,52.5558878,-1.4742834,78.433,296.177,93.47,0.11,0.1,0.0,78.75999,78.65999000000001,78.61,78.51999,0.5,78.79,-0.05915999,0.0,0.0,5.0,3.0,2407.0,85.0,0.0,0.7599792,1.0,14.4,6.75,0.0
139.0,38743.3,52.5558965,-1.4743121,78.365,296.237,93.47,0.1,0.1,0.0,78.61,78.42999,78.37999,78.40999000000001,0.3000183,78.52,-0.05915999,0.0,0.0,5.0,3.0,2399.0,85.0,0.0,0.519989,1.0,14.4,6.75,0.0
139.0,38743.4,52.5559052,-1.4743408,78.156,296.35,93.47,0.09,0.1,0.0,78.37,78.17,78.11,78.00999,0.1000061,78.35,-0.05915999,-0.009180069,0.0,5.0,3.0,2393.0,85.0,0.0,0.519989,1.0,14.4,6.75,0.0
139.0,38743.5,52.5559138,-1.4743694,77.89699999999999,296.313,93.45,0.07,0.1,0.0,77.95999,78.14999,78.08,77.7,-0.1000061,78.06,-0.05915999,-0.009180069,0.0,5.0,3.0,2385.0,85.0,0.0,0.7599792,1.0,14.4,6.75,0.0
139.0,38743.6,52.5559223,-1.474398,77.72800000000001,296.099,93.45,0.07,0.1,0.0,77.83,77.94,77.90999000000001,77.73,0.0,77.82,-0.06936002,-0.009180069,0.0,5.0,3.0,2372.0,85.0,0.0,0.7599792,1.0,14.4,6.75,0.0
139.0,38743.7,52.555930800000006,-1.4744263999999998,77.436,296.052,93.46,0.07,0.1,0.0,77.65999000000001,77.64,77.50999,77.33,0.0,77.7,-0.05915999,-0.02958012,0.0,5.0,3.0,2353.0,85.0,0.0,0.9899902,1.0,14.3,6.75,0.0
139.0,38743.8,52.5559392,-1.4744548,77.13,295.951,93.49,0.09,0.1,0.0,77.56,77.25999,77.34,77.14,0.0,77.43999000000001,-0.05915999,-0.01938009,0.0,5.0,3.0,2329.0,85.0,0.0,2.419983,1.0,14.4,6.75,0.0
139.0,38743.9,52.5559477,-1.474483,76.932,296.221,93.49,0.08,0.1,0.0,77.16,76.94,76.92,76.97,0.0,77.18999000000001,-0.05915999,-0.01938009,0.0,5.0,3.0,2308.0,85.0,0.0,2.179993,1.0,14.4,6.75,0.0
139.0,38744.0,52.5559561,-1.4745113,76.84899999999999,296.123,93.51,0.09,0.1,0.0,76.98999,76.8,76.75999,76.53999,-0.1000061,76.99,-0.05915999,-0.02958012,0.0,5.0,3.0,2303.0,85.0,0.0,1.940002,1.0,14.3,6.75,0.0
139.0,38744.1,52.5559646,-1.4745395,76.66199999999999,296.16,93.51,0.08,0.1,0.0,76.64999,76.75999,76.64,76.20999,0.0,76.77,-0.06936002,-0.01938009,0.0,5.0,3.0,2289.0,85.0,0.0,2.419983,1.0,14.3,6.75,0.0
139.0,38744.2,52.555973,-1.4745674,76.133,296.339,93.5,0.07,0.1,0.0,76.45,76.53999,76.48999,76.34999,0.0,76.49,-0.06936002,-0.01938009,0.0,5.0,3.0,2280.0,85.0,0.0,2.419983,1.0,14.3,6.75,0.0
139.0,38744.3,52.55598139999999,-1.4745953,75.97800000000001,296.205,93.49,0.06,0.1,0.0,76.11,76.11,76.09,75.89,-0.1999817,76.23,-0.06936002,-0.009180069,0.0,5.0,3.0,2259.0,85.0,0.0,2.889984,1.0,14.3,6.75,0.0
139.0,38744.4,52.5559898,-1.4746231,75.92399999999999,296.25,93.5,0.06,0.1,0.0,76.09,75.84999,75.98,75.75999,-0.1999817,75.89,-0.06936002,-0.009180069,0.0,5.0,3.0,2247.0,85.0,0.0,3.369995,1.0,14.4,6.75,0.0
139.0,38744.5,52.5559981,-1.4746509,75.593,296.192,93.5,0.07,0.1,0.0,75.81999,75.62,75.51999,75.51999,0.0,75.74,-0.07956004,-0.02958012,0.0,5.0,3.0,2247.0,84.0,0.0,3.369995,1.0,14.3,6.75,0.0
139.0,38744.6,52.5560064,-1.4746785,75.226,296.406,93.49,0.05,0.1,0.0,75.44,75.28999,75.08,75.14999,0.1000061,75.50999,-0.06936002,-0.01938009,0.0,5.0,3.0,2241.0,85.0,0.0,2.6600040000000003,1.0,14.4,6.75,0.0
139.0,38744.7,52.5560147,-1.4747059,74.94800000000001,296.379,93.5,0.06,0.1,0.0,75.06,75.00999,75.05,74.83,0.0,75.12,-0.06936002,-0.009180069,0.0,5.0,3.0,2226.0,84.0,0.0,0.9899902,1.0,14.3,6.75,0.0
139.0,38744.8,52.5560229,-1.4747334,74.758,296.11400000000003,93.54,0.08,0.1,0.0,74.83,75.01999,74.95,74.64,0.0,74.89,-0.06936002,-0.009180069,0.0,5.0,3.0,2220.0,84.0,0.0,1.470001,1.0,14.4,6.75,0.0
139.0,38744.9,52.5560312,-1.4747608,74.585,296.41200000000003,93.52,0.06,0.1,0.0,74.69,74.78999,74.75,74.56999,0.0,74.72,-0.06936002,-0.009180069,0.0,5.0,3.0,2226.0,84.0,0.0,2.889984,1.0,14.3,6.75,0.0
139.0,38745.0,52.5560395,-1.474788,74.32600000000001,296.36400000000003,93.5,0.04,0.1,0.0,74.45,74.42,74.31,74.23999,0.0,74.46,-0.06936002,-0.01938009,0.0,5.0,3.0,2210.0,84.0,0.0,2.419983,1.0,14.3,6.75,0.0
139.0,38745.1,52.5560477,-1.4748152,74.146,296.29900000000004,93.5,0.04,0.1,0.0,74.31,74.12,74.16,73.97,0.0,74.26,-0.06936002,-0.01938009,0.0,5.0,3.0,2202.0,84.0,0.0,2.6600040000000003,1.0,14.4,6.75,0.0
139.0,38745.2,52.5560559,-1.4748422,73.843,296.503,93.49,0.03,0.1,0.0,74.17,73.94,73.87,73.78,0.0,74.05,-0.06936002,-0.01938009,0.0,5.0,3.0,2206.0,84.0,0.0,2.419983,1.0,14.4,6.75,0.0
139.0,38745.3,52.5560642,-1.4748692,73.59100000000001,296.587,93.46,0.01,0.1,0.0,73.84999,73.7,73.56,73.58,0.1000061,73.88,-0.06936002,-0.009180069,0.0,5.0,3.0,2190.0,84.0,0.0,0.9899902,1.0,14.3,6.75,0.0
139.0,38745.4,52.5560722,-1.4748961,73.307,296.353,93.47,0.01,0.1,0.0,73.59,73.42,73.28,73.23999,0.0,73.6,-0.05915999,-0.009180069,0.0,5.0,3.0,2184.0,84.0,0.0,0.9899902,1.0,14.3,6.75,0.0
139.0,38745.5,52.5560804,-1.4749229,73.134,296.408,93.46,0.01,0.1,0.0,73.17,73.14999,73.14,73.01999,0.0,73.32,-0.05915999,-0.009180069,0.0,5.0,3.0,2189.0,84.0,0.0,1.22998,1.0,14.3,6.75,0.0
139.0,38745.6,52.5560885,-1.4749496999999998,73.058,296.313,93.46,0.01,0.1,0.0,72.97,73.03,73.05,72.70999,0.0,73.02,-0.06936002,-0.009180069,0.0,5.0,3.0,2178.0,84.0,0.0,1.470001,1.0,14.3,6.75,0.0
139.0,38745.7,52.5560965,-1.4749763000000002,72.67699999999999,296.48400000000004,93.45,0.01,0.1,0.0,72.76999,72.89999,72.94,72.55,0.1000061,72.82,-0.05915999,-0.01938009,0.0,5.0,3.0,2176.0,84.0,0.0,1.470001,1.0,14.4,6.75,0.0
139.0,38745.8,52.556104600000005,-1.4750029,72.475,296.402,93.45,0.0,0.1,0.0,72.56999,72.67,72.62999,72.50999,0.1000061,72.64,-0.06936002,-0.009180069,0.0,5.0,3.0,2180.0,84.0,0.0,0.519989,1.0,14.3,6.75,0.0
139.0,38745.9,52.5561126,-1.4750294,72.281,296.47900000000004,93.43,-0.01,0.1,0.0,72.48999,72.5,72.36,72.25999,0.0,72.53,-0.05915999,-0.009180069,0.0,5.0,3.0,2168.0,84.0,0.0,0.04000854,0.0,14.3,6.75,0.0
139.0,38746.0,52.5561207,-1.4750558,72.126,296.511,93.44,-0.01,0.1,0.0,72.34,72.25,72.11,71.95,0.0,72.36,-0.05915999,-0.009180069,0.0,5.0,3.0,2176.0,84.0,0.0,0.04000854,0.0,14.4,6.75,0.0
139.0,38746.1,52.5561286,-1.4750821,71.788,296.329,93.42,-0.02,0.1,0.0,72.16,71.95,71.98999,71.73,0.1000061,72.09,-0.05915999,-0.009180069,0.0,5.0,3.0,2171.0,84.0,0.0,-0.1900024,0.0,14.4,6.75,0.0
139.0,38746.2,52.5561366,-1.4751084,71.766,296.488,93.43,-0.01,0.1,0.0,71.97,71.78,71.78999,71.67,0.1000061,71.9,-0.05915999,0.0,0.0,5.0,3.0,2160.0,84.0,0.0,0.04000854,0.0,14.4,6.75,0.0
139.0,38746.3,52.5561445,-1.4751347,71.5,296.316,93.43,-0.01,0.1,0.0,71.69,71.56,71.45999,71.45999,0.2000122,71.68,-0.04997993,-0.009180069,0.0,5.0,3.0,2168.0,84.0,0.0,-0.1900024,0.0,14.4,6.75,0.0
139.0,38746.4,52.5561523,-1.4751609,71.384,296.201,93.46,0.01,0.1,0.0,71.56,71.41,71.26999,71.31999,0.3000183,71.59,-0.05915999,0.0,0.0,5.0,3.0,2158.0,84.0,0.0,0.04000854,0.0,14.4,6.75,0.0
139.0,38746.5,52.5561602,-1.4751869,71.021,296.421,93.44,0.0,0.1,0.0,71.22,71.3,71.11,70.95,0.3000183,71.33,-0.05915999,0.0,0.0,5.0,3.0,2156.0,84.0,0.0,-0.1900024,0.0,14.4,6.75,0.0
139.0,38746.6,52.5561681,-1.4752128999999998,70.902,296.42900000000003,93.43,-0.01,0.1,0.0,71.09999,71.05,70.91,70.86,0.1000061,71.13,-0.04997993,0.0,0.0,5.0,3.0,2158.0,84.0,0.0,0.04000854,0.0,14.4,6.75,0.0
139.0,38746.7,52.5561759,-1.4752389,70.679,296.248,93.42,-0.01,0.1,0.0,70.83,70.95,70.84,70.67,0.1000061,70.92,-0.04997993,0.0,0.0,5.0,3.0,2140.0,84.0,0.0,0.04000854,0.0,14.4,6.75,0.0
139.0,38746.8,52.5561837,-1.4752648000000002,70.661,296.212,93.43,-0.01,0.1,0.0,70.67999,70.87999,70.78999,70.47,0.2000122,70.74,-0.04997993,0.0,0.0,5.0,3.0,2139.0,84.0,0.0,0.04000854,0.0,14.3,6.75,0.0
139.0,38746.9,52.5561915,-1.4752907,70.42,296.333,93.42,-0.01,0.1,0.0,70.61,70.8,70.62,70.28,0.3000183,70.6,-0.05915999,0.0,0.0,5.0,3.0,2121.0,84.0,0.0,0.04000854,0.0,14.4,6.75,0.0
139.0,38747.0,52.5561992,-1.4753165,70.178,296.079,93.43,-0.01,0.1,0.0,70.34,70.51999,70.45,70.20999,0.2000122,70.39,-0.04997993,0.0,0.0,5.0,3.0,2121.0,84.0,0.0,0.04000854,0.0,14.4,6.75,0.0
139.0,38747.1,52.556207,-1.4753421,70.02,296.303,93.41,-0.02,0.1,0.0,70.17999,70.26999,70.25999,70.17999,0.2000122,70.24,-0.04997993,0.0,0.0,5.0,3.0,2107.0,84.0,0.0,0.04000854,0.0,14.4,6.75,1.5
139.0,38747.2,52.556214700000005,-1.4753679,69.97,296.164,93.41,-0.02,0.1,0.0,70.03999,70.17999,69.98,69.98,0.1000061,70.23,-0.05915999,0.0,0.0,5.0,3.0,2160.0,84.0,0.0,0.04000854,0.0,14.4,6.75,3.0
139.0,38747.3,52.5562224,-1.4753934999999998,69.73899999999999,296.107,93.38,-0.04,0.1,0.0,70.12,70.08,69.84999,69.81,0.1000061,70.15,-0.03978014,-0.009180069,0.0,5.0,3.0,2160.0,84.0,0.0,-0.1900024,0.0,14.4,6.75,3.0
139.0,38747.4,52.55623,-1.475419,69.52,296.208,93.38,-0.04,0.1,0.0,69.98999,69.83,69.72,69.59,0.1000061,69.99,-0.02958012,-0.01938009,0.0,5.0,3.0,2130.0,84.0,0.0,0.04000854,0.0,14.4,6.75,3.0
139.0,38747.5,52.5562377,-1.4754446,69.512,296.176,93.37,-0.04,0.1,0.0,69.86,69.61,69.73,69.55,0.1000061,69.81,-0.02958012,0.0,0.0,5.0,3.0,2124.0,84.0,0.0,0.04000854,0.0,14.4,6.75,3.0
139.0,38747.6,52.5562454,-1.4754701,69.566,296.243,93.35,-0.05,0.1,0.0,69.89999,69.55,69.61,69.37999,0.0,69.68,-0.03978014,-0.009180069,0.0,5.0,3.0,2140.0,84.0,0.0,0.04000854,0.0,14.3,6.75,3.5
139.0,38747.7,52.556253,-1.4754956,69.25,296.157,93.33,-0.06,0.1,0.0,69.75,69.48,69.47,69.34999,0.0,69.61,-0.03978014,-0.009180069,0.0,5.0,3.0,2144.0,84.0,0.0,-0.1900024,0.0,14.4,6.75,3.5
139.0,38747.8,52.5562605,-1.4755211,69.17,295.877,93.34,-0.05,0.1,0.0,69.66,69.36,69.37,69.25999,0.0,69.56,-0.03978014,-0.01938009,0.0,5.0,3.0,2128.0,84.0,0.0,0.04000854,0.0,14.4,6.75,3.5
139.0,38747.9,52.5562681,-1.4755463999999998,69.023,296.134,93.35,-0.04,0.1,0.0,69.42999,69.22,69.05,69.16,0.0,69.37,-0.02958012,-0.009180069,0.0,5.0,3.0,2128.0,84.0,0.0,0.04000854,0.0,14.3,6.75,3.5
139.0,38748.0,52.5562757,-1.4755718999999998,69.10600000000001,295.956,93.34,-0.04,0.1,0.0,69.37,69.17,69.00999,69.06,0.1000061,69.27,-0.02958012,-0.009180069,0.0,5.0,3.0,2117.0,84.0,0.0,0.04000854,0.0,14.4,6.75,3.5
139.0,38748.1,52.5562833,-1.4755972,68.972,296.27,93.33,-0.04,0.1,0.0,69.14999,69.06999,68.87,68.98,0.1000061,69.17,-0.02958012,-0.009180069,0.0,5.0,3.0,2126.0,84.0,0.0,0.04000854,0.0,14.4,6.75,3.5
139.0,38748.2,52.5562909,-1.4756225,68.836,296.101,93.31,-0.06,0.1,0.0,69.12999,68.98999,68.98,68.91,0.0,69.14,-0.02958012,-0.009180069,0.0,5.0,3.0,2113.0,84.0,0.0,0.04000854,0.0,14.4,6.75,3.5
139.0,38748.3,52.5562985,-1.4756477,68.706,296.208,93.3,-0.07,0.1,0.0,68.89999,68.89,68.84,68.81999,-0.1999817,68.92,-0.01938009,-0.009180069,0.0,5.0,3.0,2116.0,84.0,0.0,0.04000854,0.0,14.4,6.75,3.5
139.0,38748.4,52.5563061,-1.475673,68.843,296.18,93.27,-0.09,0.1,0.0,68.94,68.92,68.8,68.8,0.0,69.0,-0.03978014,0.0,0.0,5.0,3.0,2108.0,84.0,0.0,-0.1900024,0.0,14.4,6.75,3.5
139.0,38748.5,52.5563137,-1.4756981,68.389,296.397,93.22,-0.12,0.1,0.0,68.8,68.78,68.89999,68.5,0.1000061,68.81,-0.02958012,-0.01938009,0.0,5.0,3.0,2122.0,84.0,0.0,0.04000854,0.0,14.4,6.75,3.5
139.0,38748.6,52.55632130000001,-1.4757232,68.339,296.152,93.21,-0.11,0.1,0.0,68.7,68.75,68.73999,68.51999,0.0,68.72,-0.02958012,-0.01938009,0.0,5.0,3.0,2098.0,84.0,0.0,0.04000854,0.0,14.4,6.75,3.5
139.0,38748.7,52.5563289,-1.4757483,68.443,296.363,93.2,-0.11,0.1,0.0,68.55,68.70999,68.59,68.39999,0.0,68.57,-0.02958012,0.0,0.0,5.0,3.0,2106.0,84.0,0.0,0.04000854,0.0,14.4,6.75,3.5
139.0,38748.8,52.556336300000005,-1.4757734000000002,68.227,296.023,93.2,-0.1,0.1,0.0,68.50999,68.66,68.64,68.31999,0.1000061,68.43999000000001,-0.02958012,-0.009180069,0.0,5.0,3.0,2101.0,84.0,0.0,0.04000854,0.0,14.4,6.75,3.5
139.0,38748.9,52.5563439,-1.4757985,68.368,296.322,93.18,-0.11,0.1,0.0,68.45999,68.64,68.47,68.16,0.1000061,68.4,-0.02958012,-0.009180069,0.0,5.0,3.0,2100.0,84.0,0.0,-0.1900024,0.0,14.4,6.75,3.5
139.0,38749.0,52.5563514,-1.4758235,67.982,296.185,93.16,-0.12,0.1,0.0,68.41,68.47,68.39999,68.09999,0.2000122,68.32,-0.02958012,0.0,0.0,5.0,3.0,2092.0,84.0,0.0,0.04000854,0.0,14.4,6.75,3.5
139.0,38749.1,52.5563589,-1.4758485,68.058,296.308,93.15,-0.12,0.1,0.0,68.33,68.47,68.37,67.98,0.2000122,68.26,-0.02958012,-0.009180069,0.0,5.0,3.0,2094.0,84.0,0.0,0.04000854,0.0,14.4,6.75,3.5
139.0,38749.2,52.5563664,-1.4758734999999998,67.889,296.024,93.12,-0.13,0.1,0.0,68.19,68.26999,68.31999,67.94,0.1000061,68.18,-0.02958012,-0.009180069,0.0,5.0,3.0,2086.0,84.0,0.0,-0.1900024,0.0,14.4,6.75,4.0
139.0,38749.3,52.5563739,-1.4758984,67.918,296.291,93.11,-0.13,0.1,0.0,68.09999,68.23,68.14,67.97,0.1000061,68.17,-0.02958012,-0.009180069,0.0,6.0,3.0,2092.0,84.0,0.0,0.04000854,0.0,14.4,6.75,4.0
139.0,38749.4,52.556381300000005,-1.4759233,67.684,296.072,93.09,-0.13,0.1,0.0,68.14999,68.14999,68.03,67.95999,0.0,68.17,-0.02958012,-0.009180069,0.0,6.0,3.0,2075.0,84.0,0.0,0.04000854,0.0,14.4,6.75,4.0
139.0,38749.5,52.5563888,-1.4759483,67.85300000000001,296.067,93.08,-0.13,0.1,0.0,68.05,68.03999,67.84,67.81,0.1000061,68.07,-0.02958012,-0.009180069,0.0,6.0,3.0,2088.0,84.0,0.0,0.04000854,0.0,14.4,6.75,4.0
139.0,38749.6,52.5563962,-1.4759731,67.453,296.172,93.06,-0.14,0.1,0.0,67.89999,67.86,67.81,67.75999,0.0,68.01,-0.02958012,0.0,0.0,6.0,3.0,2085.0,84.0,0.0,0.04000854,0.0,14.4,6.75,4.0
139.0,38749.7,52.5564035,-1.475998,67.579,295.938,93.06,-0.13,0.1,0.0,67.8,67.73,67.75,67.76999,0.0,67.89,-0.01938009,-0.01938009,0.0,6.0,3.0,2081.0,84.0,0.0,0.04000854,0.0,14.4,6.75,4.0
139.0,38749.8,52.556411,-1.4760229,67.687,296.168,93.03,-0.14,0.1,0.0,67.89,67.59999,67.62,67.62,0.1000061,67.86,-0.02958012,-0.01938009,0.0,6.0,3.0,2072.0,84.0,0.0,0.9899902,0.0,14.4,6.75,4.0
139.0,38749.9,52.5564184,-1.4760476000000002,67.385,296.141,93.01,-0.15,0.1,0.0,67.69,67.48,67.37999,67.41,0.1000061,67.67,-0.02958012,-0.02958012,0.0,6.0,3.0,2081.0,84.0,0.0,0.04000854,0.0,14.3,6.75,3.5
139.0,38750.0,52.5564259,-1.4760723999999998,67.291,296.203,92.97,-0.16,0.1,0.0,67.66,67.55,67.56999,67.66,0.1000061,67.64,-0.03978014,-0.009180069,0.0,6.0,3.0,2075.0,84.0,0.0,-0.1900024,0.0,14.4,6.75,3.0
139.0,38750.1,52.5564333,-1.4760971,67.36,296.122,92.96,-0.16,0.1,0.0,67.61,67.42,67.39,67.31999,0.0,67.63,-0.02958012,-0.009180069,0.0,6.0,3.0,2067.0,84.0,0.0,0.04000854,0.0,14.4,6.75,3.0
139.0,38750.2,52.5564406,-1.4761218,66.902,296.022,92.94,-0.17,0.1,0.0,67.50999,67.34,67.39999,67.28999,0.0,67.51,-0.01938009,-0.01938009,0.0,6.0,3.0,2006.0,84.0,0.0,0.04000854,0.0,14.4,6.75,1.5
139.0,38750.3,52.556448,-1.4761464,67.064,296.103,92.92,-0.17,0.1,0.0,67.53,67.23999,67.3,67.22,0.0,67.42,-0.01938009,-0.01938009,0.0,6.0,3.0,1907.0,84.0,0.0,0.04000854,0.0,14.4,6.75,0.0
139.0,38750.4,52.5564553,-1.4761711,67.014,296.002,92.92,-0.15,0.1,0.0,67.5,67.23999,67.28999,67.12,0.0,67.39,-0.02958012,-0.01938009,0.0,6.0,3.0,1769.0,84.0,0.0,-0.1900024,0.0,14.3,6.75,0.0
139.0,38750.5,52.5564626,-1.4761957,66.899,296.027,92.91,-0.15,0.1,0.0,67.44,67.14999,67.20999,67.03,0.0,67.29,-0.01938009,-0.01938009,0.0,6.0,3.0,1636.0,84.0,0.0,0.04000854,0.0,14.4,6.75,0.0
139.0,38750.6,52.55647,-1.4762203000000005,66.755,296.1,92.89,-0.15,0.1,0.0,67.25999,66.89999,67.12999,66.87999,-0.1000061,67.27,-0.02958012,-0.01938009,0.0,6.0,3.0,1590.0,84.0,0.0,0.04000854,0.0,14.4,6.75,0.0
139.0,38750.7,52.5564774,-1.4762448,66.791,296.306,92.86,-0.16,0.1,0.0,67.14999,66.81999,66.98999,66.76999,0.0,67.04,-0.02958012,-0.02958012,0.0,6.0,3.0,1525.0,84.0,0.0,0.04000854,0.0,14.4,6.75,0.0
139.0,38750.8,52.5564848,-1.4762692999999998,66.82,296.212,92.82,-0.18,0.1,0.0,67.0,66.73999,66.83,66.70999,-0.1999817,66.86,-0.03978014,-0.01938009,0.0,6.0,3.0,1487.0,84.0,0.0,0.04000854,0.0,14.4,6.75,0.0
139.0,38750.9,52.55649210000001,-1.4762938,66.694,296.173,92.81,-0.17,0.1,0.0,66.86,66.7,66.73999,66.5,-0.1999817,66.81,-0.03978014,-0.02958012,0.0,6.0,3.0,1463.0,84.0,0.0,-0.1900024,0.0,14.4,6.75,0.0
139.0,38751.0,52.5564995,-1.4763182,66.485,296.331,92.78,-0.18,0.1,0.0,66.75999,66.53999,66.61,66.3,-0.2999877999999999,66.68,-0.04997993,-0.02958012,0.0,6.0,3.0,1468.0,84.0,0.0,-0.1900024,0.0,14.3,6.75,0.0
139.0,38751.1,52.5565068,-1.4763425,66.308,296.236,92.77,-0.18,0.1,0.0,66.64999,66.37999,66.45999,66.20999,-0.1999817,66.59,-0.04997993,-0.01938009,0.0,6.0,3.0,1475.0,84.0,0.0,0.04000854,0.0,14.4,6.75,0.0
139.0,38751.2,52.5565141,-1.4763668,66.186,296.326,92.75,-0.19,0.1,0.0,66.47,66.20999,66.28999,66.08,-0.1000061,66.36,-0.04997993,-0.01938009,0.0,6.0,3.0,1493.0,84.0,0.0,0.04000854,0.0,14.4,6.75,0.0
139.0,38751.3,52.5565215,-1.476391,66.067,296.454,92.73,-0.19,0.1,0.0,66.3,66.08,66.14,65.98,-0.2999877999999999,66.23,-0.04997993,-0.01938009,0.0,6.0,3.0,1497.0,84.0,0.0,-0.1900024,0.0,14.4,6.75,0.0
139.0,38751.4,52.5565288,-1.4764152,65.902,296.309,92.7,-0.2,0.1,0.0,66.19,65.98999,66.06999,65.84999,-0.1000061,66.12,-0.04997993,-0.01938009,0.0,6.0,3.0,1521.0,84.0,0.0,0.04000854,0.0,14.4,6.75,0.0
139.0,38751.5,52.5565362,-1.4764392999999998,65.743,296.605,92.66,-0.21,0.1,0.0,66.06999,65.89,65.83,65.64999,-0.1000061,65.98,-0.04997993,-0.01938009,0.0,6.0,3.0,1531.0,84.0,0.0,0.04000854,0.0,14.4,6.75,0.0
139.0,38751.6,52.556543600000005,-1.4764632000000002,65.585,296.702,92.63,-0.21,0.1,0.0,65.95,65.8,65.7,65.55,-0.1999817,65.85,-0.04997993,-0.01938009,0.0,6.0,3.0,1547.0,84.0,0.0,0.04000854,0.0,14.4,6.75,0.0
140.0,38751.7,52.5565508,-1.4764872,65.40100000000001,296.437,92.59,-0.23,0.1,0.0,65.73999,65.56999,65.56,65.41,-0.1999817,65.68,-0.04997993,-0.01938009,0.0,6.0,3.0,1545.0,84.0,0.0,0.04000854,0.0,14.4,6.75,1.0
140.0,38751.8,52.5565581,-1.4765112,65.376,296.458,92.58,-0.22,0.1,0.0,65.66,65.42,65.50999,65.28999,-0.1000061,65.55,-0.04997993,-0.01938009,0.0,6.0,3.0,1557.0,84.0,0.0,-0.1900024,0.0,14.4,6.75,2.0
140.0,38751.9,52.5565654,-1.4765351,65.29,296.464,92.55,-0.22,0.1,0.0,65.42,65.26999,65.39,65.17,-0.1999817,65.46,-0.03978014,-0.01938009,0.0,6.0,3.0,1633.0,84.0,0.0,0.04000854,0.0,14.4,6.75,3.0
140.0,38752.0,52.5565727,-1.4765589,65.092,296.478,92.52,-0.22,0.1,0.0,65.50999,65.28,65.33,65.22,0.0,65.47,-0.03978014,-0.01938009,0.0,6.0,3.0,1630.0,84.0,0.0,0.04000854,0.0,14.4,6.75,4.5
140.0,38752.1,52.55658,-1.4765827,65.023,296.557,92.49,-0.22,0.1,0.0,65.39,65.2,65.28,65.08,0.0,65.42,-0.02958012,-0.01938009,0.0,6.0,3.0,1612.0,83.0,0.0,-0.1900024,0.0,14.4,6.75,6.5
140.0,38752.2,52.5565873,-1.4766064,64.937,296.647,92.47,-0.23,0.1,0.0,65.31999,65.03,65.23999,65.00999,-0.1999817,65.24,-0.02958012,-0.01938009,0.0,6.0,3.0,1614.0,83.0,0.0,-0.1900024,0.0,14.4,6.75,8.0
140.0,38752.3,52.5565945,-1.4766302,64.94,296.488,92.45,-0.22,0.1,0.0,65.3,64.98,65.12,65.01999,-0.1000061,65.22,-0.02958012,-0.01938009,0.0,6.0,3.0,1640.0,84.0,0.0,0.04000854,0.0,14.4,6.75,9.0
140.0,38752.4,52.5566018,-1.4766539,64.858,296.686,92.42,-0.22,0.1,0.0,65.31,65.05,64.98999,64.98,0.0,65.13,-0.02958012,-0.009180069,0.0,6.0,3.0,1611.0,83.0,0.0,0.04000854,0.0,14.4,6.75,9.5
140.0,38752.5,52.556609,-1.4766776,64.681,296.68,92.4,-0.23,0.1,0.0,65.23999,64.95999,65.01999,64.89999,0.0,65.05,-0.01938009,-0.01938009,0.0,6.0,3.0,1630.0,83.0,0.0,0.04000854,0.0,14.4,6.75,9.5
140.0,38752.6,52.5566163,-1.4767013,64.696,296.622,92.37,-0.23,0.1,0.0,65.25999,64.86,65.00999,64.97,-0.1999817,65.05,-0.01938009,-0.009180069,0.0,6.0,3.0,1650.0,83.0,0.0,0.04000854,0.0,14.4,6.75,10.0
140.0,38752.7,52.5566235,-1.4767249,64.76,296.671,92.35,-0.23,0.1,0.0,65.19,64.84999,64.92999,64.91,0.0,65.05,-0.01938009,-0.01938009,0.0,6.0,3.0,1661.0,83.0,0.0,0.04000854,0.0,14.4,6.75,12.0
140.0,38752.8,52.5566308,-1.4767486,64.613,296.601,92.32,-0.23,0.1,0.0,65.14,64.84,64.87,64.84999,0.1000061,65.05,-0.02958012,-0.009180069,0.0,6.0,3.0,1690.0,83.0,0.0,-0.1900024,0.0,14.4,6.75,14.0
140.0,38752.9,52.556638,-1.4767722,64.505,296.611,92.29,-0.23,0.1,0.0,65.03,64.78999,64.75,64.87,0.1000061,64.99,-0.009180069,-0.009180069,0.0,6.0,3.0,1708.0,83.0,0.0,0.04000854,0.0,14.4,6.75,16.0
140.0,38753.0,52.556645200000006,-1.4767958,64.602,296.566,92.27,-0.23,0.1,0.0,65.06999,64.87999,64.83,64.84,0.3000183,64.91,-0.009180069,-0.009180069,0.0,6.0,3.0,1720.0,83.0,0.0,-0.1900024,0.0,14.3,6.75,16.5
140.0,38753.1,52.5566524,-1.4768195,64.742,296.54400000000004,92.24,-0.24,0.1,0.0,64.98999,64.84999,64.89,64.78999,0.1000061,65.03,0.0,-0.01938009,0.0,6.0,3.0,1754.0,83.0,0.0,0.04000854,0.0,14.3,6.75,16.5
140.0,38753.2,52.5566597,-1.4768432000000002,64.678,296.751,92.21,-0.24,0.1,0.0,65.28,65.00999,64.95,64.98,0.6000061,65.18,0.0,-0.009180069,0.0,6.0,3.0,1759.0,83.0,0.0,0.04000854,0.0,14.4,6.75,17.5
140.0,38753.3,52.556667,-1.4768667999999998,64.706,296.702,92.17,-0.27,0.1,0.0,65.25,65.20999,64.92999,64.92,0.8999939,65.33,0.0,0.009180069,0.0,6.0,3.0,1766.0,83.0,0.0,-0.1900024,0.0,14.3,6.75,19.0
140.0,38753.4,52.5566742,-1.4768905,64.642,296.65,92.14,-0.27,0.1,0.0,65.37,65.17,65.00999,65.14,0.7000122,65.3,0.0,0.01937985,0.0,6.0,3.0,1770.0,83.0,0.0,0.04000854,0.0,14.3,6.75,19.0
140.0,38753.5,52.5566814,-1.4769142,64.804,296.35,92.1,-0.27,0.1,0.0,65.36,65.33,65.23999,65.17,0.7000122,65.37,0.009180069,0.01937985,0.0,6.0,3.0,1778.0,83.0,0.0,0.04000854,0.0,14.4,6.75,19.0
140.0,38753.6,52.5566886,-1.4769381,64.96600000000001,296.192,92.08,-0.26,0.1,0.0,65.64,65.45999,65.28,65.39999,0.6000061,65.51,0.009180069,0.009180069,0.0,6.0,3.0,1754.0,83.0,0.0,0.04000854,0.0,14.4,6.75,19.0
140.0,38753.7,52.55669580000001,-1.476962,65.02,296.216,92.05,-0.27,0.1,0.0,65.62999,65.61,65.59999,65.33,0.6000061,65.78,0.009180069,0.0,0.0,6.0,3.0,1734.0,83.0,0.0,0.04000854,0.0,14.4,6.75,19.0
140.0,38753.8,52.556703,-1.4769859,65.092,296.161,92.02,-0.26,0.1,0.0,65.62999,65.50999,65.37999,65.5,0.6000061,65.68,0.01937985,0.0,0.0,6.0,3.0,1746.0,83.0,0.0,0.04000854,0.0,14.4,6.75,19.0
140.0,38753.9,52.5567101,-1.47701,65.347,296.011,92.0,-0.25,0.1,0.0,65.61,65.62999,65.89999,65.51999,0.8999939,65.6,0.01937985,-0.009180069,0.0,6.0,3.0,1726.0,83.0,0.0,0.04000854,0.0,14.4,6.75,19.0
140.0,38754.0,52.5567174,-1.477034,65.516,296.231,91.97,-0.26,0.1,0.0,65.92999,65.89999,66.06,65.87,0.8999939,65.96,0.009180069,0.009180069,0.0,6.0,3.0,1712.0,83.0,0.0,0.04000854,0.0,14.4,6.75,19.0
140.0,38754.1,52.5567246,-1.4770582,65.617,296.043,91.93,-0.27,0.1,0.0,66.14999,66.12,65.73999,65.51999,0.7000122,66.16,0.009180069,0.009180069,0.0,6.0,3.0,1720.0,83.0,0.0,0.04000854,0.0,14.4,6.75,19.0
140.0,38754.2,52.5567317,-1.4770823,65.43,295.962,91.89,-0.28,0.1,0.0,66.20999,66.20999,66.09999,65.92999,0.5,66.26,0.009180069,0.009180069,0.0,6.0,3.0,1721.0,83.0,0.0,0.04000854,0.0,14.3,6.75,19.0
140.0,38754.3,52.5567389,-1.4771065,65.75399999999999,295.64,91.87,-0.26,0.1,0.0,66.26999,66.23999,66.14999,65.94,0.6000061,66.33,0.01937985,0.009180069,0.0,6.0,3.0,1718.0,83.0,0.0,0.04000854,0.0,14.4,6.75,19.0
140.0,38754.4,52.556746,-1.4771309,65.992,295.694,91.84,-0.27,0.1,0.0,66.39999,66.37999,66.37999,66.14999,0.8000183000000001,66.42,0.009180069,0.0,0.0,6.0,3.0,1723.0,83.0,0.0,0.04000854,0.0,14.4,6.75,19.0
140.0,38754.5,52.5567532,-1.4771553000000002,66.10300000000001,295.742,91.81,-0.27,0.1,0.0,66.56,66.55,66.42999,66.20999,0.8000183000000001,66.61,0.01937985,0.0,0.0,6.0,3.0,1708.0,83.0,0.0,0.04000854,0.0,14.4,6.75,19.0
140.0,38754.6,52.55676029999999,-1.4771797,66.11399999999999,295.66900000000004,91.79,-0.27,0.1,0.0,66.69,66.66,66.51999,66.31999,0.8000183000000001,66.79,0.009180069,0.0,0.0,6.0,3.0,1708.0,83.0,0.0,0.04000854,0.0,14.4,6.75,19.0
140.0,38754.7,52.5567675,-1.4772041,66.262,295.618,91.75,-0.28,0.1,0.0,66.84,66.8,66.69,66.50999,0.7000122,66.88,0.009180069,0.0,0.0,6.0,3.0,1715.0,83.0,0.0,-0.1900024,0.0,14.4,6.75,19.0
140.0,38754.8,52.5567746,-1.4772287,66.402,295.447,91.71,-0.28,0.1,0.0,67.0,66.87999,66.81999,66.59,0.3000183,67.01,0.01937985,0.0,0.0,6.0,3.0,1719.0,83.0,0.0,-0.1900024,0.0,14.4,6.75,19.0
140.0,38754.9,52.5567818,-1.4772533,66.524,295.373,91.68,-0.29,0.1,0.0,67.03,66.98,66.92999,66.7,0.1000061,67.12,0.01937985,0.0,0.0,6.0,3.0,1727.0,83.0,0.0,-0.1900024,0.0,14.4,6.75,19.0
140.0,38755.0,52.5567889,-1.4772779,66.589,295.355,91.64,-0.29,0.1,0.0,67.2,67.06,67.12,66.87,0.1000061,67.24,0.009180069,-0.009180069,0.0,6.0,3.0,1731.0,83.0,0.0,0.04000854,0.0,14.4,6.75,19.0
140.0,38755.1,52.556796,-1.4773026000000002,66.82300000000001,295.253,91.62,-0.28,0.1,0.0,67.37999,67.23999,67.17999,67.03,0.3999939,67.38,0.009180069,-0.009180069,0.0,6.0,3.0,1729.0,83.0,0.0,-0.1900024,0.0,14.3,6.75,19.0
140.0,38755.2,52.5568032,-1.4773273999999998,66.859,295.387,91.58,-0.3,0.1,0.0,67.5,67.28999,67.22,67.11,0.1000061,67.47,0.009180069,-0.009180069,0.0,6.0,3.0,1729.0,83.0,0.0,0.04000854,0.0,14.4,6.75,19.0
140.0,38755.3,52.5568103,-1.4773522,66.949,295.221,91.55,-0.29,0.1,0.0,67.62,67.41,67.37999,67.31,0.1000061,67.56,0.01937985,-0.009180069,0.0,6.0,3.0,1724.0,83.0,0.0,0.04000854,0.0,14.4,6.75,19.0
140.0,38755.4,52.5568175,-1.4773771000000002,67.327,295.353,91.52,-0.3,0.1,0.0,67.81999,67.55,67.51999,67.47,-0.1000061,67.71,0.009180069,-0.01938009,0.0,6.0,3.0,1720.0,83.0,0.0,0.04000854,0.0,14.4,6.75,19.0
140.0,38755.5,52.5568247,-1.477402,67.219,295.255,91.5,-0.29,0.1,0.0,68.03999,67.73,67.62,67.56,-0.1999817,67.82,0.009180069,-0.02958012,0.0,6.0,3.0,1729.0,83.0,0.0,0.04000854,0.0,14.4,6.75,17.0
140.0,38755.6,52.5568319,-1.4774269,67.403,295.35,91.46,-0.3,0.1,0.0,67.95,67.75,67.73,67.75999,-0.1999817,67.88,0.01937985,-0.02958012,0.0,6.0,3.0,1737.0,83.0,0.0,0.04000854,0.0,14.4,6.75,10.5
140.0,38755.7,52.556839100000005,-1.4774519,67.579,295.387,91.43,-0.3,0.1,0.0,68.14,67.89,67.98999,67.89,-0.2999877999999999,67.96,0.009180069,-0.03978014,0.0,6.0,3.0,1722.0,83.0,0.0,0.04000854,0.0,14.4,6.75,0.0
140.0,38755.8,52.556846400000005,-1.477477,67.712,295.42400000000004,91.4,-0.3,0.1,0.0,68.3,67.98999,67.94,67.98,-0.3999939,68.07,0.0,-0.03978014,0.0,6.0,3.0,1718.0,83.0,0.0,0.04000854,0.0,14.4,6.75,0.0
140.0,38755.9,52.5568536,-1.4775019,67.457,295.556,91.37,-0.31,0.1,0.0,68.22,67.97,67.98999,67.91,-0.6000061,68.1,0.0,-0.03978014,0.0,6.0,3.0,1734.0,83.0,0.0,-0.1900024,0.0,14.3,6.75,0.0
140.0,38756.0,52.5568609,-1.4775269,67.774,295.581,91.34,-0.31,0.1,0.0,68.14999,67.92999,68.11,67.95999,-0.5,68.02,0.0,-0.03978014,0.0,6.0,3.0,1756.0,83.0,0.0,0.04000854,0.0,14.4,6.75,0.0
140.0,38756.1,52.5568682,-1.4775519,67.72,295.53,91.31,-0.3,0.1,0.0,68.17,67.91,68.09,67.89999,-0.6999816999999999,68.03,-0.009180069,-0.04997993,0.0,6.0,3.0,1762.0,83.0,0.0,-0.1900024,0.0,14.4,6.75,0.0
140.0,38756.2,52.5568756,-1.477577,67.756,295.601,91.28,-0.3,0.1,0.0,68.12,67.83,67.98,67.76999,-0.8999939,67.99,-0.01938009,-0.04997993,0.0,6.0,3.0,1757.0,83.0,0.0,0.04000854,0.0,14.4,6.75,0.0
140.0,38756.3,52.556883,-1.4776019,67.691,295.814,91.25,-0.3,0.1,0.0,68.08,67.81,67.87,67.64,-0.7999878,68.0,-0.01938009,-0.05915999,0.0,6.0,3.0,1752.0,83.0,0.0,0.04000854,0.0,14.4,6.75,0.0
140.0,38756.4,52.5568904,-1.4776268,67.633,295.97,91.22,-0.3,0.1,0.0,67.91,67.8,67.73,67.56999,-0.6999816999999999,67.97,-0.02958012,-0.04997993,0.0,6.0,3.0,1753.0,83.0,0.0,0.04000854,0.0,14.4,6.75,0.0
140.0,38756.5,52.5568978,-1.4776516,67.54,296.124,91.19,-0.3,0.1,0.0,67.92999,67.7,67.73,67.45999,-1.0,67.87,-0.02958012,-0.04997993,0.0,6.0,3.0,1721.0,83.0,0.0,0.04000854,0.0,14.4,6.75,0.0
140.0,38756.6,52.5569052,-1.4776764,67.51100000000001,296.146,91.15,-0.3,0.1,0.0,67.76999,67.59,67.72,67.48,-0.8999939,67.87,-0.02958012,-0.03978014,0.0,6.0,3.0,1666.0,83.0,0.0,0.04000854,0.0,14.4,6.75,0.0
140.0,38756.7,52.5569127,-1.4777011999999998,67.381,296.217,91.13,-0.3,0.1,0.0,67.64,67.61,67.50999,67.37999,-0.1000061,67.65,-0.03978014,-0.02958012,0.0,6.0,3.0,1637.0,83.0,0.0,0.04000854,0.0,14.3,6.75,0.0
140.0,38756.8,52.5569202,-1.4777259,67.565,296.517,91.11,-0.29,0.1,0.0,67.34,67.26999,67.48999,67.28,-0.1000061,67.53,-0.03978014,-0.02958012,0.0,6.0,3.0,1638.0,83.0,0.0,0.04000854,0.0,14.4,6.75,0.0
140.0,38756.9,52.5569276,-1.4777507,67.388,296.079,91.1,-0.27,0.1,0.0,67.47,67.34,67.2,67.28999,-0.1999817,67.41,-0.04997993,-0.009180069,0.0,6.0,3.0,1647.0,83.0,0.0,0.04000854,0.0,14.3,6.75,0.0
140.0,38757.0,52.5569351,-1.4777754,67.306,296.488,91.04,-0.3,0.1,0.0,67.37,67.41,67.06999,66.97,-0.1999817,67.42,-0.05915999,-0.009180069,0.0,6.0,3.0,1659.0,83.0,0.0,0.04000854,0.0,14.3,6.75,0.0
140.0,38757.1,52.5569425,-1.4777999,66.816,296.43,91.01,-0.3,0.1,0.0,67.25,67.25,67.06999,66.95999,-0.1000061,67.33,-0.04997993,-0.01938009,0.0,6.0,3.0,1659.0,83.0,0.0,0.04000854,0.0,14.4,6.75,0.0
140.0,38757.2,52.55695,-1.4778244,66.874,296.437,90.98,-0.3,0.1,0.0,67.03999,67.03999,66.98,66.91,0.0,67.13,-0.04997993,-0.01938009,0.0,6.0,3.0,1653.0,83.0,0.0,0.04000854,0.0,14.3,6.75,0.0
140.0,38757.3,52.5569574,-1.4778488,66.751,296.44,90.96,-0.29,0.1,0.0,66.91,66.87,66.91,66.84,0.1000061,66.9,-0.04997993,-0.02958012,0.0,6.0,3.0,1632.0,83.0,0.0,0.04000854,0.0,14.4,6.75,0.5
140.0,38757.4,52.5569648,-1.4778733,66.719,296.449,90.93,-0.29,0.1,0.0,66.66,66.75999,66.72,66.69,0.1000061,66.75,-0.04997993,-0.01938009,0.0,6.0,3.0,1624.0,83.0,0.0,-0.1900024,0.0,14.4,6.75,1.5
140.0,38757.5,52.5569723,-1.4778976,66.6,296.692,90.9,-0.3,0.1,0.0,66.72,66.70999,66.69,66.56,0.0,66.7,-0.04997993,-0.01938009,0.0,6.0,3.0,1664.0,83.0,0.0,-0.1900024,0.0,14.3,6.75,3.5
140.0,38757.6,52.55697970000001,-1.477922,66.47800000000001,296.45,90.87,-0.29,0.1,0.0,66.72,66.73999,66.50999,66.5,0.0,66.74,-0.03978014,-0.01938009,0.0,6.0,3.0,1666.0,83.0,0.0,0.04000854,0.0,14.4,6.75,6.0
140.0,38757.7,52.5569871,-1.4779463,66.301,296.66900000000004,90.84,-0.29,0.1,0.0,66.61,66.64999,66.44,66.39999,0.1000061,66.63,-0.03978014,0.0,0.0,6.0,3.0,1647.0,83.0,0.0,0.04000854,0.0,14.4,6.75,7.5
140.0,38757.8,52.5569945,-1.4779706,66.34100000000001,296.398,90.8,-0.3,0.1,0.0,66.56999,66.64999,66.45999,66.45,0.0,66.53,-0.02958012,0.0,0.0,6.0,3.0,1662.0,83.0,0.0,0.04000854,0.0,14.3,6.75,8.0
140.0,38757.9,52.5570019,-1.4779949,66.308,296.498,90.77,-0.3,0.1,0.0,66.51999,66.66,66.39,66.37999,0.3000183,66.47,-0.02958012,0.0,0.0,6.0,3.0,1646.0,83.0,0.0,0.04000854,0.0,14.3,6.75,8.0
140.0,38758.0,52.5570093,-1.4780191,66.067,296.408,90.74,-0.29,0.1,0.0,66.48,66.62,66.31999,66.34999,0.8000183000000001,66.47,-0.03978014,0.0,0.0,6.0,3.0,1678.0,83.0,0.0,0.04000854,0.0,14.4,6.75,8.0
140.0,38758.1,52.5570166,-1.4780433,66.064,296.47700000000003,90.71,-0.3,0.1,0.0,66.37,66.47,66.20999,66.33,1.200012,66.35,-0.01938009,0.0,0.0,6.0,3.0,1643.0,83.0,0.0,0.04000854,0.0,14.4,6.75,8.0
140.0,38758.2,52.557024,-1.4780675,66.074,296.369,90.69,-0.29,0.1,0.0,66.28,66.42999,66.26999,66.31,1.100006,66.26,-0.01938009,0.0,0.0,6.0,3.0,1647.0,83.0,0.0,-0.1900024,0.0,14.4,6.75,8.0
140.0,38758.3,52.5570313,-1.4780918,66.29,296.335,90.65,-0.3,0.1,0.0,66.33,66.45999,66.2,66.23999,0.7000122,66.29,-0.01938009,0.009180069,0.0,6.0,3.0,1659.0,83.0,0.0,-0.1900024,0.0,14.4,6.75,8.0
140.0,38758.4,52.557038600000006,-1.4781161,66.006,296.264,90.62,-0.3,0.1,0.0,66.37999,66.50999,66.12,66.2,0.6000061,66.31,-0.02958012,0.0,0.0,6.0,3.0,1669.0,83.0,0.0,0.04000854,0.0,14.3,6.75,8.5
140.0,38758.5,52.5570459,-1.4781403,65.96600000000001,296.108,90.58,-0.3,0.1,0.0,66.3,66.56,66.14999,66.14999,0.7000122,66.33,-0.01938009,0.009180069,0.0,6.0,3.0,1676.0,83.0,0.0,0.04000854,0.0,14.4,6.75,8.5
140.0,38758.6,52.5570531,-1.4781645,65.92699999999999,296.138,90.55,-0.3,0.1,0.0,66.20999,66.37999,66.17999,66.17,0.8999939,66.15,-0.01938009,0.0,0.0,6.0,3.0,1677.0,83.0,0.0,-0.1900024,0.0,14.4,6.75,8.5
140.0,38758.7,52.5570604,-1.4781888,65.97,295.971,90.52,-0.3,0.1,0.0,66.16,66.45999,66.11,66.09999,0.8000183000000001,66.22,-0.01938009,0.009180069,0.0,6.0,3.0,1693.0,83.0,0.0,0.04000854,0.0,14.4,6.75,8.5
140.0,38758.8,52.5570675,-1.4782131,65.902,295.887,90.5,-0.3,0.1,0.0,66.17999,66.34999,66.08,66.09,0.8000183000000001,66.12,-0.01938009,0.0,0.0,6.0,3.0,1705.0,83.0,0.0,0.04000854,0.0,14.4,6.75,8.5
140.0,38758.9,52.5570747,-1.4782374,65.945,295.85400000000004,90.47,-0.3,0.1,0.0,66.20999,66.34,66.00999,66.06,0.6000061,66.12,-0.01938009,0.0,0.0,6.0,3.0,1713.0,83.0,0.0,0.04000854,0.0,14.4,6.75,8.5
140.0,38759.0,52.5570818,-1.4782617,65.678,295.54,90.44,-0.3,0.1,0.0,66.14,66.3,65.98,65.97,0.6000061,66.08,-0.01938009,0.0,0.0,6.0,3.0,1711.0,83.0,0.0,0.04000854,0.0,14.4,6.75,8.5
140.0,38759.1,52.5570889,-1.478286,66.006,295.728,90.4,-0.31,0.1,0.0,66.12999,66.23999,65.97,65.98999,0.6000061,66.07,-0.01938009,-0.009180069,0.0,6.0,3.0,1713.0,83.0,0.0,0.04000854,0.0,14.4,6.75,8.5
140.0,38759.2,52.5570961,-1.4783102,65.686,295.835,90.39,-0.29,0.1,0.0,66.03999,66.22,65.91,66.00999,0.3999939,66.0,-0.01938009,0.0,0.0,6.0,3.0,1720.0,83.0,0.0,0.04000854,0.0,14.3,6.75,8.5
140.0,38759.3,52.55710320000001,-1.4783345,65.77199999999999,295.673,90.35,-0.29,0.1,0.0,66.05,66.31999,65.97,65.91,0.3999939,66.04,-0.01938009,0.0,0.0,6.0,3.0,1724.0,83.0,0.0,0.04000854,0.0,14.4,6.75,8.5
140.0,38759.4,52.5571103,-1.4783589,65.94800000000001,295.548,90.31,-0.3,0.1,0.0,66.14999,66.23,65.86,65.83,0.1000061,66.03,-0.01938009,0.0,0.0,6.0,3.0,1726.0,83.0,0.0,0.04000854,0.0,14.4,6.75,8.5
140.0,38759.5,52.5571174,-1.4783830000000002,65.41199999999999,295.755,90.28,-0.3,0.1,0.0,66.01999,66.23,65.81999,65.86,0.1000061,65.99,-0.01938009,-0.009180069,0.0,6.0,3.0,1710.0,83.0,0.0,0.04000854,0.0,14.4,6.75,8.5
140.0,38759.6,52.5571247,-1.4784072,65.956,296.24,90.28,-0.27,0.1,0.0,65.95999,66.06,65.81999,65.83,0.1000061,65.88,-0.01938009,-0.009180069,0.0,6.0,3.0,1714.0,83.0,0.0,0.04000854,0.0,14.4,6.75,8.5
140.0,38759.7,52.5571317,-1.4784315,65.646,295.493,90.25,-0.27,0.1,0.0,65.95999,66.11,65.81,65.8,0.1000061,65.88,-0.01938009,-0.009180069,0.0,6.0,3.0,1711.0,83.0,0.0,0.04000854,0.0,14.4,6.75,8.5
140.0,38759.8,52.5571388,-1.4784558,65.786,295.386,90.21,-0.28,0.1,0.0,65.98,66.03999,65.78999,65.70999,-0.1000061,65.83,-0.01938009,-0.01938009,0.0,6.0,3.0,1704.0,83.0,0.0,0.04000854,0.0,14.4,6.75,5.5
140.0,38759.9,52.5571459,-1.47848,65.527,295.626,90.18,-0.28,0.1,0.0,66.00999,66.03,65.72,65.69,0.0,65.89,-0.01938009,-0.02958012,0.0,6.0,3.0,1692.0,83.0,0.0,0.04000854,0.0,14.3,6.75,4.5
140.0,38760.0,52.5571527,-1.4785042,65.372,295.17,90.12,-0.31,0.1,0.0,65.91,65.95999,65.78,65.7,-0.1999817,65.83,-0.01938009,-0.01938009,0.0,6.0,3.0,1688.0,83.0,0.0,0.04000854,0.0,14.3,6.75,4.0
140.0,38760.1,52.5571599,-1.4785284,65.491,295.682,90.1,-0.3,0.1,0.0,65.87,65.84999,65.75,65.62999,-0.3999939,65.73,-0.01938009,-0.02958012,0.0,6.0,3.0,1696.0,83.0,0.0,0.04000854,0.0,14.4,6.75,4.0
140.0,38760.2,52.5571669,-1.4785526000000002,65.527,295.536,90.06,-0.3,0.1,0.0,65.76999,65.73,65.66,65.56999,-0.7999878,65.65,-0.01938009,-0.04997993,0.0,6.0,3.0,1701.0,83.0,0.0,0.04000854,0.0,14.4,6.75,4.0
140.0,38760.3,52.5571739,-1.4785767,65.358,295.528,90.02,-0.32,0.1,0.0,65.83,65.7,65.66,65.48999,-1.0,65.6,-0.02958012,-0.03978014,0.0,6.0,3.0,1698.0,83.0,0.0,0.04000854,0.0,14.4,6.75,2.5
140.0,38760.4,52.5571811,-1.4786009,65.47,295.776,90.01,-0.29,0.1,0.0,65.86,65.7,65.56999,65.34999,-1.100006,65.61,-0.02958012,-0.05915999,0.0,6.0,3.0,1682.0,83.0,0.0,0.04000854,0.0,14.4,6.75,0.0
140.0,38760.5,52.5571881,-1.4786248,65.164,295.892,89.97,-0.31,0.1,0.0,65.72,65.69,65.51999,65.34,-0.8999939,65.6,-0.02958012,-0.05915999,0.0,6.0,3.0,1662.0,83.0,0.0,0.04000854,0.0,14.4,6.75,0.0
140.0,38760.6,52.5571954,-1.4786488,65.315,296.215,89.94,-0.3,0.1,0.0,65.59,65.56,65.45,65.28999,-0.6999816999999999,65.49,-0.02958012,-0.04997993,0.0,6.0,3.0,1645.0,83.0,0.0,0.04000854,0.0,14.4,6.75,0.0
140.0,38760.7,52.5572026,-1.4786728000000002,65.164,296.188,89.92,-0.29,0.1,0.0,65.45999,65.37999,65.5,65.2,-0.8999939,65.34,-0.02958012,-0.03978014,0.0,6.0,3.0,1613.0,83.0,0.0,-0.1900024,0.0,14.4,6.75,0.0
140.0,38760.8,52.5572097,-1.4786967,65.138,296.098,89.91,-0.27,0.1,0.0,65.48999,65.34,65.34,65.09,-1.100006,65.35,-0.03978014,-0.03978014,0.0,6.0,3.0,1602.0,83.0,0.0,0.04000854,0.0,14.4,6.75,0.0
140.0,38760.9,52.5572169,-1.4787206,65.063,296.33,89.87,-0.28,0.1,0.0,65.33,65.25999,65.06,64.94,-0.7999878,65.28,-0.03978014,-0.02958012,0.0,6.0,3.0,1614.0,83.0,0.0,0.04000854,0.0,14.4,6.75,0.0
140.0,38761.0,52.55722419999999,-1.4787444,65.03399999999999,296.60900000000004,89.83,-0.29,0.1,0.0,65.2,65.12,65.06,64.87999,-0.1999817,65.17,-0.03978014,-0.02958012,0.0,6.0,3.0,1619.0,83.0,0.0,0.04000854,0.0,14.4,6.75,0.0
140.0,38761.1,52.55723149999999,-1.4787682000000002,64.904,296.556,89.81,-0.28,0.1,0.0,65.08,64.98,64.94,64.86,-0.1000061,65.03,-0.03978014,-0.01938009,0.0,6.0,3.0,1600.0,83.0,0.0,-0.1900024,0.0,14.4,6.75,0.0
140.0,38761.2,52.5572387,-1.4787919,64.872,296.60200000000003,89.79,-0.28,0.1,0.0,65.0,64.87999,64.84999,64.72,-0.1999817,64.95,-0.03978014,-0.009180069,0.0,6.0,3.0,1588.0,83.0,0.0,0.04000854,0.0,14.4,6.75,0.0
140.0,38761.3,52.557246,-1.4788157,64.753,296.513,89.77,-0.27,0.1,0.0,64.95999,64.91,64.75,64.67,-0.1999817,64.95,-0.04997993,-0.009180069,0.0,6.0,3.0,1570.0,83.0,0.0,0.04000854,0.0,14.4,6.75,0.0
140.0,38761.4,52.557253200000005,-1.4788393,64.598,296.652,89.73,-0.29,0.1,0.0,64.81999,64.70999,64.61,64.48999,0.0,64.91,-0.04997993,-0.01938009,0.0,6.0,3.0,1547.0,83.0,0.0,0.2799988,1.0,14.2,6.75,0.0
140.0,38761.5,52.5572605,-1.4788629,64.562,296.959,89.68,-0.3,0.1,0.0,64.61,64.59,64.55,64.59999,0.0,64.73,-0.04997993,-0.009180069,0.0,6.0,3.0,1546.0,83.0,0.0,-0.1900024,0.0,14.4,6.75,0.0
140.0,38761.6,52.5572677,-1.4788865000000002,64.44,296.596,89.66,-0.29,0.1,0.0,64.51999,64.48,64.45999,64.47,0.0,64.59,-0.04997993,0.0,0.0,6.0,3.0,1547.0,83.0,0.0,0.04000854,0.0,14.4,6.75,0.0
140.0,38761.7,52.557275,-1.47891,64.469,296.759,89.62,-0.3,0.1,0.0,64.34999,64.36,64.37999,64.39,0.0,64.49,-0.04997993,0.0,0.0,6.0,3.0,1557.0,83.0,0.0,0.04000854,0.0,14.4,6.75,0.0
140.0,38761.8,52.5572821,-1.4789335,64.105,296.634,89.59,-0.3,0.1,0.0,64.26999,64.20999,64.17999,64.12999,0.0,64.43999000000001,-0.04997993,0.0,0.0,6.0,3.0,1551.0,83.0,0.0,0.04000854,0.0,14.4,6.75,0.0
140.0,38761.9,52.5572893,-1.4789569,64.033,296.657,89.55,-0.3,0.1,0.0,64.23999,64.17,64.12999,64.17,0.3000183,64.27,-0.04997993,0.0,0.0,6.0,3.0,1553.0,83.0,0.0,0.04000854,0.0,14.4,6.75,0.0
140.0,38762.0,52.557296400000006,-1.4789802,63.893,296.774,89.5,-0.32,0.1,0.0,64.14,64.05,64.06,64.11,0.3999939,64.14,-0.04997993,0.0,0.0,6.0,3.0,1560.0,83.0,0.0,0.04000854,0.0,14.4,6.75,0.0
140.0,38762.1,52.5573036,-1.4790036,63.77,296.62,89.47,-0.31,0.1,0.0,63.78999,63.89,63.78999,63.94,1.5,63.97,-0.04997993,0.02957988,0.0,6.0,3.0,1555.0,83.0,0.0,-0.1900024,0.0,14.4,6.75,0.0
140.0,38762.2,52.5573108,-1.4790267,63.569,296.956,89.43,-0.33,0.1,0.0,63.78999,63.92999,63.76999,63.89,1.899994,63.84,-0.04997993,0.0397799,0.0,6.0,3.0,1550.0,83.0,0.0,0.04000854,0.0,14.4,6.75,0.0
140.0,38762.3,52.5573178,-1.4790501,63.688,296.413,89.4,-0.32,0.1,0.0,63.75999,63.81,63.599990000000005,63.59,1.700012,63.83,-0.04997993,0.02957988,0.0,6.0,3.0,1537.0,83.0,0.0,0.04000854,0.0,14.4,6.75,0.0
140.0,38762.4,52.5573248,-1.4790733,63.349,296.431,89.36,-0.32,0.1,0.0,63.64999,63.67,63.42,63.41,1.100006,63.72,-0.03978014,0.0397799,0.0,6.0,3.0,1536.0,83.0,0.0,0.04000854,0.0,14.4,6.75,0.0
140.0,38762.5,52.5573317,-1.4790966,63.173,295.9,89.32,-0.33,0.1,0.0,63.459990000000005,63.48999,63.39,63.34,1.100006,63.55,-0.04997993,0.0397799,0.0,6.0,3.0,1533.0,83.0,0.0,0.04000854,0.0,14.4,6.75,0.0
140.0,38762.6,52.5573386,-1.4791200000000002,63.4,295.759,89.3,-0.31,0.1,0.0,63.39,63.28999,63.23,63.11,0.8999939,63.42,-0.04997993,0.01937985,0.0,6.0,3.0,1528.0,83.0,0.0,0.04000854,0.0,14.4,6.75,0.0
140.0,38762.7,52.5573454,-1.4791433,63.137,295.737,89.27,-0.31,0.1,0.0,63.37999,63.28999,63.16,63.09,1.100006,63.37,-0.04997993,0.009180069,0.0,6.0,3.0,1533.0,83.0,0.0,0.04000854,0.0,14.4,6.75,0.5
140.0,38762.8,52.5573522,-1.4791665,62.816,295.61400000000003,89.23,-0.32,0.1,0.0,63.28999,63.08,63.12,62.95,1.0,63.26,-0.04997993,0.0,0.0,6.0,3.0,1525.0,83.0,0.0,0.04000854,0.0,14.4,6.75,0.5
140.0,38762.9,52.557359,-1.4791896999999998,62.86,295.495,89.2,-0.31,0.1,0.0,63.14,62.91,63.14999,62.89999,0.3000183,63.13,-0.03978014,0.0,0.0,6.0,3.0,1529.0,83.0,0.0,-0.4299926999999999,0.0,14.4,6.75,0.5
140.0,38763.0,52.557365700000005,-1.479213,62.813,295.355,89.16,-0.31,0.1,0.0,63.099990000000005,62.91,63.11,62.73,0.0,63.04,-0.04997993,-0.01938009,0.0,6.0,3.0,1520.0,83.0,0.0,0.04000854,0.0,14.4,6.75,1.0
140.0,38763.1,52.5573724,-1.4792361,62.611,295.32,89.14,-0.31,0.1,0.0,62.97,62.92999,62.87999,62.59,0.0,63.01,-0.04997993,-0.02958012,0.0,6.0,3.0,1564.0,83.0,0.0,0.04000854,0.0,14.4,6.75,1.0
140.0,38763.2,52.557379100000006,-1.4792592000000002,62.507,295.601,89.09,-0.32,0.1,0.0,62.73,62.8,62.72,62.55,0.0,62.82,-0.03978014,-0.02958012,0.0,6.0,3.0,1552.0,83.0,0.0,-0.1900024,0.0,14.2,6.75,1.0
140.0,38763.3,52.5573858,-1.4792823000000002,62.41,295.47,89.07,-0.31,0.1,0.0,62.7,62.75999,62.64,62.53,-0.1999817,62.64,-0.03978014,-0.01938009,0.0,6.0,3.0,1526.0,83.0,0.0,0.04000854,0.0,14.3,6.75,1.0
140.0,38763.4,52.5573925,-1.4793055,62.56399999999999,295.325,89.05,-0.29,0.1,0.0,62.62999,62.78999,62.44,62.34,-0.1000061,62.58,-0.03978014,-0.01938009,0.0,6.0,3.0,1531.0,83.0,0.0,0.04000854,0.0,14.3,6.75,3.0
139.0,38763.5,52.5573992,-1.4793284,62.212,295.622,89.01,-0.31,0.1,0.0,62.56999,62.7,62.39999,62.25999,-0.1999817,62.47,-0.03978014,-0.01938009,0.0,6.0,3.0,1550.0,83.0,0.0,0.04000854,0.0,14.4,6.75,6.0
139.0,38763.6,52.5574059,-1.4793513,62.111,295.673,88.97,-0.32,0.1,0.0,62.5,62.56,62.349990000000005,62.16,-0.3999939,62.36,-0.02958012,-0.02958012,0.0,6.0,3.0,1561.0,83.0,0.0,0.04000854,0.0,14.4,6.75,6.5
139.0,38763.7,52.5574126,-1.4793742,62.093,295.723,88.94,-0.31,0.1,0.0,62.459990000000005,62.37999,62.25999,62.099990000000005,-0.5,62.31,-0.02958012,-0.02958012,0.0,6.0,3.0,1549.0,83.0,0.0,0.04000854,0.0,14.4,6.75,6.5
139.0,38763.8,52.5574193,-1.4793971,62.032,295.645,88.9,-0.32,0.1,0.0,62.37,62.209990000000005,62.16,62.03999,-0.6000061,62.28,-0.02958012,-0.03978014,0.0,6.0,3.0,1556.0,83.0,0.0,0.04000854,0.0,14.4,6.75,6.5
140.0,38763.9,52.557426,-1.4794201,62.053,295.586,88.88,-0.3,0.1,0.0,62.33,62.06999,62.14999,62.209990000000005,-0.6000061,62.26,-0.02958012,-0.04997993,0.0,6.0,3.0,1541.0,83.0,0.0,0.04000854,0.0,14.4,6.75,6.5
140.0,38764.0,52.5574328,-1.4794428000000002,62.003,295.987,88.84,-0.31,0.1,0.0,62.22,62.08,62.17,62.12,-1.0,62.23,-0.02958012,-0.06936002,0.0,6.0,3.0,1548.0,83.0,0.0,0.04000854,0.0,14.3,6.75,6.5
139.0,38764.1,52.5574395,-1.4794657,61.945,295.834,88.81,-0.31,0.1,0.0,62.23999,62.06999,62.17,61.98999,-1.399994,62.21,-0.01938009,-0.05915999,0.0,6.0,3.0,1546.0,83.0,0.0,0.04000854,0.0,14.3,6.75,6.5
140.0,38764.2,52.5574463,-1.4794884,61.83,296.034,88.78,-0.3,0.1,0.0,62.26999,62.05,62.17999,61.84,-1.399994,62.17,-0.02958012,-0.05915999,0.0,6.0,3.0,1544.0,83.0,0.0,0.04000854,0.0,14.4,6.75,6.5
140.0,38764.3,52.557453200000005,-1.4795111,61.898,296.25,88.75,-0.3,0.1,0.0,62.23,61.98,62.14999,61.73999,-1.399994,62.16,-0.01938009,-0.06936002,0.0,6.0,3.0,1546.0,83.0,0.0,0.04000854,0.0,14.4,6.75,6.5
140.0,38764.4,52.55746,-1.4795338,61.801,296.29900000000004,88.73,-0.29,0.1,0.0,62.26999,61.98,62.12999,61.73999,-1.399994,62.14,-0.01938009,-0.05915999,0.0,6.0,3.0,1541.0,83.0,0.0,0.04000854,0.0,14.3,6.75,3.0
140.0,38764.5,52.5574669,-1.4795564,61.801,296.598,88.69,-0.3,0.1,0.0,62.19,61.959990000000005,62.00999,61.64,-1.399994,62.09,-0.01938009,-0.05915999,0.0,6.0,3.0,1538.0,83.0,0.0,-0.1900024,0.0,14.4,6.75,0.0
140.0,38764.6,52.5574738,-1.4795790000000002,61.747,296.664,88.66,-0.29,0.1,0.0,62.23999,61.73999,62.099990000000005,61.709990000000005,-1.699982,62.06,-0.02958012,-0.05915999,0.0,6.0,3.0,1536.0,83.0,0.0,0.04000854,0.0,14.4,6.75,0.0
140.0,38764.7,52.5574808,-1.4796016,61.711000000000006,296.759,88.64,-0.29,0.1,0.0,62.72,62.12999,61.959990000000005,61.58,-1.5,62.12,-0.03978014,-0.06936002,0.0,6.0,3.0,1533.0,83.0,0.0,0.04000854,0.0,14.4,6.75,0.0
140.0,38764.8,52.5574878,-1.479624,61.574,297.056,88.61,-0.29,0.1,0.0,61.959990000000005,61.709990000000005,62.099990000000005,61.709990000000005,-1.600006,62.06,-0.02958012,-0.07956004,0.0,6.0,3.0,1535.0,83.0,0.0,0.04000854,0.0,14.3,6.75,0.0
140.0,38764.9,52.55749479999999,-1.4796463,61.387,297.206,88.58,-0.28,0.1,0.0,61.89,61.67,62.34,61.72,-1.799988,61.85,-0.01938009,-0.09996009,0.0,6.0,3.0,1519.0,83.0,0.0,0.04000854,0.0,14.4,6.75,0.0
140.0,38765.0,52.557501900000005,-1.4796688,61.798,297.327,88.56,-0.26,0.1,0.0,61.81,61.76999,61.73999,61.42,-1.899994,61.78,-0.03978014,-0.08976007,0.0,6.0,3.0,1538.0,83.0,0.0,0.04000854,0.0,14.4,6.75,0.0
140.0,38765.1,52.5575091,-1.4796911,61.456,297.681,88.53,-0.27,0.1,0.0,61.81999,61.849990000000005,61.7,61.37,-2.100006,61.7,-0.03978014,-0.05915999,0.0,6.0,3.0,1530.0,83.0,0.0,-0.1900024,0.0,14.4,6.75,0.0
140.0,38765.2,52.5575161,-1.4797132,61.096,297.738,88.51,-0.27,0.1,0.0,61.76999,61.53999,61.48999,61.05,-2.299988,61.55,-0.03978014,-0.08976007,0.0,6.0,3.0,1528.0,83.0,0.0,-0.1900024,0.0,14.4,6.75,0.0
140.0,38765.3,52.5575233,-1.4797354,61.24,297.907,88.49,-0.26,0.1,0.0,61.48999,61.26999,61.41,61.34,-2.600006,61.33,-0.02958012,-0.08976007,0.0,6.0,3.0,1505.0,83.0,0.0,0.04000854,0.0,14.4,6.75,0.0
140.0,38765.4,52.55753059999999,-1.4797575,61.297,298.27,88.47,-0.26,0.1,0.0,61.36,61.03,61.459990000000005,61.22,-2.399994,61.34,-0.02958012,-0.1091398999999999,0.0,6.0,3.0,1484.0,83.0,0.0,0.04000854,0.0,14.3,6.75,0.0
140.0,38765.5,52.5575378,-1.4797794999999998,61.092,298.35900000000004,88.44,-0.26,0.1,0.0,61.39,61.03,61.34,61.09,-2.799988,61.2,-0.03978014,-0.09996009,0.0,6.0,3.0,1456.0,83.0,0.0,-0.1900024,0.0,14.4,6.75,0.0
140.0,38765.6,52.55754520000001,-1.4798013,61.031000000000006,298.9,88.42,-0.25,0.1,0.0,61.31999,60.959990000000005,61.17,60.81999,-2.799988,61.17,-0.03978014,-0.09996009,0.0,6.0,3.0,1438.0,83.0,0.0,0.04000854,0.0,14.3,6.75,0.0
140.0,38765.7,52.5575526,-1.4798231,60.797,298.951,88.37,-0.27,0.1,0.0,61.17,60.92999,61.14,60.599990000000005,-2.600006,61.1,-0.03978014,-0.09996009,0.0,6.0,3.0,1412.0,83.0,0.0,0.7599792,1.0,14.3,6.75,0.0
140.0,38765.8,52.5575601,-1.4798448,60.836000000000006,299.353,88.35,-0.26,0.1,0.0,61.12,60.76999,61.03999,60.61,-2.199982,60.97,-0.04997993,-0.07956004,0.0,6.0,3.0,1421.0,83.0,0.0,2.179993,1.0,14.3,6.75,0.0
140.0,38765.9,52.5575676,-1.4798663,60.667,299.599,88.32,-0.27,0.1,0.0,60.87,60.58,60.89,60.55,-1.600006,60.89,-0.05915999,-0.06936002,0.0,6.0,3.0,1438.0,83.0,0.0,2.889984,1.0,14.3,6.75,0.0
140.0,38766.0,52.5575751,-1.4798878000000002,60.487,299.85400000000004,88.29,-0.27,0.1,0.0,60.709990000000005,60.56999,60.64,60.459990000000005,-0.8999939,60.85,-0.06936002,-0.04997993,0.0,6.0,3.0,1442.0,83.0,0.0,2.419983,1.0,14.3,6.75,0.0
140.0,38766.1,52.557582700000005,-1.4799092,60.397,300.145,88.27,-0.26,0.1,0.0,60.69,60.41,60.59,60.33,0.0,60.59,-0.06936002,-0.01938009,0.0,6.0,3.0,1455.0,83.0,0.0,2.179993,1.0,14.4,6.75,0.0
140.0,38766.2,52.55759020000001,-1.4799305000000005,60.07,300.0,88.25,-0.26,0.1,0.0,60.42,60.3,60.45,59.91,-0.3999939,60.45,-0.05915999,-0.02958012,0.0,6.0,3.0,1455.0,83.0,0.0,0.9899902,1.0,14.4,6.75,0.0
140.0,38766.3,52.5575977,-1.4799517,59.98,300.135,88.22,-0.26,0.1,0.0,60.23999,60.349990000000005,60.17999,59.95,-0.2999877999999999,60.12,-0.05915999,-0.03978014,0.0,6.0,3.0,1456.0,83.0,0.0,0.9899902,1.0,14.3,6.75,0.0
140.0,38766.4,52.5576053,-1.4799729,59.951,300.271,88.21,-0.24,0.1,0.0,59.94,60.16,59.83,59.78999,0.2000122,60.04,-0.05915999,-0.01938009,0.0,6.0,3.0,1457.0,83.0,0.0,1.22998,1.0,14.3,6.75,0.0
140.0,38766.5,52.5576128,-1.479994,59.731,300.365,88.16,-0.26,0.1,0.0,59.78999,59.89,59.66,59.7,0.7000122,59.82,-0.04997993,0.0,0.0,6.0,3.0,1444.0,83.0,0.0,1.470001,1.0,14.3,6.75,0.0
140.0,38766.6,52.5576203,-1.4800151,59.573,300.147,88.15,-0.25,0.1,0.0,59.64999,59.59,59.64,59.78999,0.5,59.65,-0.04997993,0.0,0.0,6.0,3.0,1441.0,83.0,0.0,1.709991,1.0,14.3,6.75,0.0
140.0,38766.7,52.5576278,-1.4800362,59.602,300.10400000000004,88.12,-0.26,0.1,0.0,59.56,59.64999,59.45,59.55,0.3000183,59.59,-0.05915999,0.009180069,0.0,6.0,3.0,1427.0,83.0,0.0,2.419983,1.0,14.3,6.75,0.0
140.0,38766.8,52.55763520000001,-1.4800573,59.411,300.006,88.1,-0.25,0.1,0.0,59.39,59.61,59.209990000000005,59.31999,1.300018,59.43,-0.06936002,0.02957988,0.0,6.0,3.0,1428.0,83.0,0.0,3.369995,1.0,14.4,6.75,0.0
140.0,38766.9,52.5576425,-1.4800781,58.781000000000006,299.837,88.05,-0.27,0.1,0.0,59.23,59.31999,59.14999,59.14999,1.700012,59.31,-0.06936002,0.02957988,0.0,6.0,3.0,1426.0,83.0,0.0,4.320007,1.0,14.3,6.75,0.0
140.0,38767.0,52.5576499,-1.4800991,59.105,299.85900000000004,88.03,-0.25,0.1,0.0,58.92,58.84,58.92,59.01999,1.899994,59.12,-0.05915999,0.01937985,0.0,6.0,3.0,1418.0,83.0,0.0,4.320007,1.0,14.3,6.75,0.0
140.0,38767.1,52.5576573,-1.48012,58.882,299.941,88.0,-0.26,0.1,0.0,58.83,58.92,58.87,59.0,2.100006,58.95,-0.06936002,0.02957988,0.0,6.0,3.0,1423.0,83.0,0.0,5.269989,1.0,14.4,6.75,0.0
140.0,38767.2,52.5576646,-1.4801409,58.788,299.691,87.97,-0.26,0.1,0.0,58.8,58.98,58.59,58.51999,2.100006,58.79,-0.07956004,0.0397799,0.0,6.0,3.0,1421.0,83.0,0.0,6.220001,1.0,14.3,6.75,0.0
140.0,38767.3,52.5576717,-1.4801615,58.086000000000006,299.559,87.94,-0.27,0.1,0.0,58.53,58.7,58.22,58.36,1.600006,58.45,-0.07956004,0.06936002,0.0,6.0,3.0,1413.0,83.0,0.0,6.929993,1.0,14.3,6.75,0.0
140.0,38767.4,52.5576788,-1.4801824,58.255,299.021,87.91,-0.27,0.1,0.0,58.12,58.19,58.08,58.11,1.399994,58.24,-0.07956004,0.05915999,0.0,6.0,3.0,1412.0,83.0,0.0,6.220001,1.0,14.3,6.75,0.0
140.0,38767.5,52.5576857,-1.4802031,57.70399999999999,298.683,87.89,-0.26,0.1,0.0,57.89999,57.98,57.75999,58.14,1.300018,58.01,-0.08976007,0.0397799,0.0,6.0,3.0,1396.0,83.0,0.0,3.130005,1.0,14.4,6.75,0.0
140.0,38767.6,52.5576926,-1.4802239,57.643,298.62,87.86,-0.26,0.1,0.0,57.61,57.84,57.50999,57.72,1.700012,57.72,-0.07956004,0.0397799,0.0,5.0,3.0,1386.0,83.0,0.0,3.369995,1.0,14.3,6.75,0.0
140.0,38767.7,52.5576995,-1.4802445,57.47,298.68,87.84,-0.25,0.1,0.0,57.34,57.53999,57.47,57.41,1.800018,57.58,-0.05915999,0.02957988,0.0,5.0,3.0,1310.0,83.0,0.0,3.369995,1.0,14.2,6.75,0.0
140.0,38767.8,52.5577063,-1.4802652,57.409,298.284,87.81,-0.24,0.1,0.0,57.459990000000005,57.37999,57.33,57.36,1.5,57.54,-0.06936002,0.0397799,0.0,5.0,3.0,1257.0,83.0,0.0,3.839996,1.0,14.3,6.75,0.0
140.0,38767.9,52.55771300000001,-1.4802858,57.053,298.319,87.78,-0.25,0.1,0.0,57.19,57.12999,57.03,57.099990000000005,1.399994,57.39,-0.06936002,0.0397799,0.0,5.0,3.0,1234.0,83.0,0.0,5.269989,1.0,14.3,6.75,0.0
140.0,38768.0,52.5577197,-1.4803063,56.873000000000005,298.154,87.75,-0.25,0.1,0.0,57.05,57.17999,56.98,56.92999,1.5,57.07,-0.07956004,0.02957988,0.0,5.0,3.0,1224.0,83.0,0.0,6.220001,1.0,14.3,6.75,0.0
140.0,38768.1,52.557726300000006,-1.4803269,56.858,297.676,87.72,-0.25,0.1,0.0,56.75,56.89999,56.59,56.62999,1.100006,56.7,-0.08976007,0.02957988,0.0,5.0,3.0,1215.0,83.0,0.0,6.690002000000001,1.0,14.3,6.75,0.0
140.0,38768.2,52.5577329,-1.4803472999999998,56.369,297.928,87.69,-0.25,0.1,0.0,56.37,56.42,56.3,56.48,1.300018,56.56,-0.08976007,0.02957988,0.0,5.0,3.0,1209.0,83.0,0.0,7.169983,1.0,14.4,6.75,0.0
140.0,38768.3,52.5577394,-1.4803677,56.232,297.628,87.66,-0.26,0.1,0.0,56.14999,56.31,56.03,56.25,1.399994,56.25,-0.09996009,0.02957988,0.0,5.0,3.0,1205.0,83.0,0.0,7.880005000000001,1.0,14.4,6.75,0.0
140.0,38768.4,52.5577459,-1.4803880000000005,55.933,297.513,87.64,-0.25,0.1,0.0,55.78,55.98999,55.78,55.7,1.399994,55.9,-0.09996009,0.02957988,0.0,5.0,3.0,1210.0,83.0,0.0,9.070007,1.0,14.4,6.75,0.0
140.0,38768.5,52.5577523,-1.4804082,55.566,297.418,87.62,-0.24,0.1,0.0,55.42,55.39999,55.48,55.53,1.399994,55.63,-0.1091398999999999,0.0397799,0.0,5.0,3.0,1228.0,83.0,0.0,9.539978,1.0,14.3,6.75,0.0
140.0,38768.6,52.5577585,-1.4804283,55.249,297.176,87.59,-0.25,0.1,0.0,55.2,55.25,55.17,55.14,1.800018,55.38,-0.12954,0.05915999,0.0,5.0,3.0,1258.0,83.0,0.0,10.01999,1.0,14.4,6.75,0.0
140.0,38768.7,52.5577648,-1.4804483,54.821000000000005,297.089,87.58,-0.23,0.1,0.0,54.69,54.98999,54.56999,54.69,2.300018,54.76,-0.12954,0.04997993,0.0,5.0,3.0,1301.0,83.0,0.0,9.779999,1.0,14.4,6.75,0.0
140.0,38768.8,52.5577709,-1.4804681,54.457,296.85200000000003,87.56,-0.23,0.1,0.0,54.03999,54.349990000000005,54.12999,54.41,2.700012,54.39,-0.12954,0.06936002,0.0,5.0,3.0,1349.0,83.0,0.0,10.25998,1.0,14.3,6.75,0.0
140.0,38768.9,52.557777,-1.4804880000000002,54.252,296.666,87.53,-0.23,0.1,0.0,53.76999,54.17,53.73,54.05,2.700012,54.02,-0.13974,0.06936002,0.0,5.0,3.0,1412.0,83.0,0.0,10.25998,1.0,14.3,6.75,0.0
